STATION,STATION_NAME,ELEVATION,LATITUDE,LONGITUDE,DATE,DLY-CLDD-BASE45,DLY-CLDD-BASE50,DLY-CLDD-BASE55,DLY-CLDD-BASE57,DLY-CLDD-BASE60,DLY-CLDD-NORMAL,DLY-CLDD-BASE70,DLY-CLDD-BASE72,DLY-HTDD-BASE40,DLY-HTDD-BASE45,DLY-HTDD-BASE50,DLY-HTDD-BASE55,DLY-HTDD-BASE57,DLY-HTDD-BASE60,DLY-HTDD-NORMAL,DLY-PRCP-25PCTL,DLY-SNOW-25PCTL,DLY-PRCP-50PCTL,DLY-SNOW-50PCTL,DLY-PRCP-75PCTL,DLY-SNOW-75PCTL,MTD-PRCP-NORMAL,MTD-SNOW-NORMAL,YTD-PRCP-NORMAL,YTD-SNOW-NORMAL,DLY-PRCP-PCTALL-GE001HI,DLY-PRCP-PCTALL-GE010HI,DLY-PRCP-PCTALL-GE050HI,DLY-PRCP-PCTALL-GE100HI,DLY-SNOW-PCTALL-GE001TI,DLY-SNOW-PCTALL-GE010TI,DLY-SNOW-PCTALL-GE100TI,DLY-SNOW-PCTALL-GE030TI,DLY-SNOW-PCTALL-GE050TI,DLY-TAVG-NORMAL,DLY-DUTR-NORMAL,DLY-TMAX-NORMAL,DLY-TMIN-NORMAL,DLY-TAVG-STDDEV,DLY-DUTR-STDDEV,DLY-TMAX-STDDEV,DLY-TMIN-STDDEV
GHCND:USC00058575,VAIL CO US,2531.1,39.6394,-106.3538,20100101,0,0,0,0,0,0,0,0,24,29,34,39,41,44,49,0.06,1.0,0.12,2.2,0.21,4.1,0.05,1.3,0.05,1.3,369,215,17,1,367,306,21,162,73,16.1,21.8,27.0,5.2,7.4,7.8,7.4,9.2
GHCND:USC00058575,VAIL CO US,2531.1,39.6394,-106.3538,20100102,0,0,0,0,0,0,0,0,24,29,34,39,41,44,49,0.06,1.0,0.12,2.2,0.21,4.1,0.11,2.5,0.11,2.5,370,216,17,1,369,308,21,162,72,16.1,21.9,27.1,5.1,7.4,7.8,7.4,9.3
GHCND:USC00058575,VAIL CO US,2531.1,39.6394,-106.3538,20100103,0,0,0,0,0,0,0,0,24,29,34,39,41,44,49,0.06,1.0,0.12,2.2,0.21,4.1,0.17,3.7,0.17,3.7,372,217,18,1,371,310,21,163,72,16.1,22.1,27.1,5.1,7.4,7.9,7.4,9.3
GHCND:USC00058575,VAIL CO US,2531.1,39.6394,-106.3538,20100104,0,0,0,0,0,0,0,0,24,29,34,39,41,44,49,0.06,1.0,0.12,2.2,0.21,4.1,0.22,5.0,0.22,5.0,373,218,18,1,372,311,21,163,72,16.1,22.2,27.2,5.0,7.5,7.9,7.4,9.3
GHCND:USC00058575,VAIL CO US,2531.1,39.6394,-106.3538,20100105,0,0,0,0,0,0,0,0,24,29,34,39,41,44,49,0.06,1.0,0.12,2.2,0.21,4.1,0.28,6.2,0.28,6.2,374,219,18,1,374,313,21,164,72,16.1,22.3,27.3,5.0,7.5,7.9,7.4,9.4
GHCND:USC00058575,VAIL CO US,2531.1,39.6394,-106.3538,20100106,0,0,0,0,0,0,0,0,24,29,34,39,41,44,49,0.06,1.0,0.12,2.2,0.21,4.0,0.34,7.4,0.34,7.4,376,219,18,1,376,315,21,163,72,16.1,22.4,27.3,5.0,7.5,8.0,7.4,9.4
GHCND:USC00058575,VAIL CO US,2531.1,39.6394,-106.3538,20100107,0,0,0,0,0,0,0,0,24,29,34,39,41,44,49,0.06,1.0,0.12,2.2,0.21,4.0,0.40,8.5,0.40,8.5,376,219,19,1,377,316,21,163,71,16.2,22.5,27.4,4.9,7.5,8.0,7.4,9.5
GHCND:USC00058575,VAIL CO US,2531.1,39.6394,-106.3538,20100108,0,0,0,0,0,0,0,0,24,29,34,39,41,44,49,0.06,1.0,0.11,2.2,0.21,4.0,0.45,9.7,0.45,9.7,377,219,18,1,378,317,21,162,70,16.2,22.6,27.5,4.9,7.5,8.0,7.4,9.5
GHCND:USC00058575,VAIL CO US,2531.1,39.6394,-106.3538,20100109,0,0,0,0,0,0,0,0,24,29,34,39,41,44,49,0.06,1.0,0.11,2.1,0.21,3.9,0.51,10.9,0.51,10.9,377,219,18,1,378,317,20,160,69,16.2,22.7,27.5,4.8,7.6,8.1,7.4,9.5
GHCND:USC00058575,VAIL CO US,2531.1,39.6394,-106.3538,20100110,0,0,0,0,0,0,0,0,24,29,34,39,41,44,49,0.05,1.0,0.11,2.1,0.21,3.9,0.57,12.2,0.57,12.2,376,218,18,1,378,317,20,158,67,16.2,22.8,27.6,4.8,7.6,8.1,7.5,9.6
GHCND:USC00058575,VAIL CO US,2531.1,39.6394,-106.3538,20100111,0,0,0,0,0,0,0,0,24,29,34,39,41,44,49,0.05,1.0,0.11,2.1,0.20,3.8,0.63,13.4,0.63,13.4,375,216,18,1,377,316,19,156,65,16.2,22.9,27.6,4.8,7.6,8.2,7.5,9.6
GHCND:USC00058575,VAIL CO US,2531.1,39.6394,-106.3538,20100112,0,0,0,0,0,0,0,0,24,29,34,39,41,44,49,0.05,1.0,0.11,2.1,0.20,3.8,0.69,14.6,0.69,14.6,375,215,18,1,377,316,18,154,64,16.2,23.0,27.7,4.8,7.6,8.2,7.5,9.6
GHCND:USC00058575,VAIL CO US,2531.1,39.6394,-106.3538,20100113,0,0,0,0,0,0,0,0,24,29,34,39,41,44,49,0.05,1.0,0.11,2.1,0.20,3.7,0.75,15.9,0.75,15.9,374,214,18,2,377,315,18,151,62,16.2,23.0,27.8,4.7,7.6,8.2,7.5,9.7
GHCND:USC00058575,VAIL CO US,2531.1,39.6394,-106.3538,20100114,0,0,0,0,0,0,0,0,24,29,34,39,41,44,49,0.05,1.0,0.11,2.1,0.20,3.6,0.81,17.2,0.81,17.2,373,213,17,2,376,314,17,149,60,16.3,23.1,27.8,4.7,7.6,8.3,7.5,9.7
GHCND:USC00058575,VAIL CO US,2531.1,39.6394,-106.3538,20100115,0,0,0,0,0,0,0,0,24,29,34,39,41,44,49,0.05,1.0,0.11,2.0,0.20,3.6,0.87,18.4,0.87,18.4,373,212,17,2,376,314,16,146,58,16.3,23.2,27.9,4.7,7.6,8.3,7.5,9.7
GHCND:USC00058575,VAIL CO US,2531.1,39.6394,-106.3538,20100116,0,0,0,0,0,0,0,0,24,29,34,39,41,44,49,0.05,1.0,0.11,2.0,0.20,3.5,0.92,19.5,0.92,19.5,373,212,17,2,376,314,16,144,57,16.3,23.3,27.9,4.7,7.6,8.3,7.6,9.7
GHCND:USC00058575,VAIL CO US,2531.1,39.6394,-106.3538,20100117,0,0,0,0,0,0,0,0,24,29,34,39,41,44,49,0.05,1.0,0.11,2.0,0.20,3.5,0.98,20.7,0.98,20.7,373,212,17,2,376,313,15,143,55,16.3,23.3,28.0,4.7,7.7,8.4,7.6,9.7
GHCND:USC00058575,VAIL CO US,2531.1,39.6394,-106.3538,20100118,0,0,0,0,0,0,0,0,24,29,34,39,41,44,49,0.05,1.0,0.11,2.0,0.20,3.5,1.03,21.9,1.03,21.9,373,212,17,2,376,313,15,141,55,16.4,23.4,28.1,4.7,7.7,8.4,7.7,9.8
GHCND:USC00058575,VAIL CO US,2531.1,39.6394,-106.3538,20100119,0,0,0,0,0,0,0,0,24,29,34,39,41,44,49,0.05,1.0,0.11,2.0,0.20,3.5,1.09,23.1,1.09,23.1,373,212,17,1,376,313,14,139,54,16.4,23.4,28.1,4.7,7.7,8.4,7.7,9.8
GHCND:USC00058575,VAIL CO US,2531.1,39.6394,-106.3538,20100120,0,0,0,0,0,0,0,0,24,29,34,39,41,44,49,0.05,1.0,0.11,2.0,0.20,3.4,1.14,24.2,1.14,24.2,373,213,17,1,376,313,14,138,53,16.4,23.5,28.2,4.7,7.8,8.5,7.8,9.9
GHCND:USC00058575,VAIL CO US,2531.1,39.6394,-106.3538,20100121,0,0,0,0,0,0,0,0,24,29,34,39,41,44,49,0.05,1.0,0.11,2.0,0.20,3.4,1.19,25.2,1.19,25.2,373,213,17,1,377,314,14,137,53,16.5,23.5,28.3,4.7,7.8,8.5,7.8,9.9
GHCND:USC00058575,VAIL CO US,2531.1,39.6394,-106.3538,20100122,0,0,0,0,0,0,0,0,23,28,33,38,40,43,48,0.05,1.0,0.11,2.0,0.20,3.4,1.24,26.2,1.24,26.2,374,214,17,1,378,314,14,136,53,16.5,23.6,28.3,4.7,7.9,8.5,7.9,10.0
GHCND:USC00058575,VAIL CO US,2531.1,39.6394,-106.3538,20100123,0,0,0,0,0,0,0,0,23,28,33,38,40,43,48,0.05,1.0,0.11,2.0,0.20,3.4,1.29,27.2,1.29,27.2,375,214,17,1,379,315,13,135,53,16.6,23.6,28.4,4.8,7.9,8.5,7.9,10.0
GHCND:USC00058575,VAIL CO US,2531.1,39.6394,-106.3538,20100124,0,0,0,0,0,0,0,0,23,28,33,38,40,43,48,0.05,1.0,0.11,2.0,0.20,3.4,1.34,28.2,1.34,28.2,376,215,17,1,381,316,13,135,53,16.7,23.7,28.5,4.8,7.9,8.6,7.9,10.1
GHCND:USC00058575,VAIL CO US,2531.1,39.6394,-106.3538,20100125,0,0,0,0,0,0,0,0,23,28,33,38,40,43,48,0.05,1.0,0.11,2.0,0.20,3.4,1.39,29.2,1.39,29.2,377,215,17,1,382,316,13,134,53,16.7,23.7,28.6,4.9,8.0,8.6,8.0,10.1
GHCND:USC00058575,VAIL CO US,2531.1,39.6394,-106.3538,20100126,0,0,0,0,0,0,0,0,23,28,33,38,40,43,48,0.05,1.0,0.11,2.0,0.20,3.3,1.44,30.2,1.44,30.2,378,215,17,1,382,316,13,134,53,16.8,23.7,28.7,4.9,8.0,8.6,8.0,10.2
GHCND:USC00058575,VAIL CO US,2531.1,39.6394,-106.3538,20100127,0,0,0,0,0,0,0,0,23,28,33,38,40,43,48,0.05,1.0,0.11,2.0,0.20,3.3,1.49,31.2,1.49,31.2,378,215,17,1,382,316,13,133,53,16.9,23.8,28.8,5.0,8.0,8.6,8.0,10.2
GHCND:USC00058575,VAIL CO US,2531.1,39.6394,-106.3538,20100128,0,0,0,0,0,0,0,0,23,28,33,38,40,43,48,0.05,1.0,0.11,2.0,0.21,3.3,1.54,32.1,1.54,32.1,378,214,17,1,382,315,13,132,54,17.0,23.8,28.9,5.1,8.1,8.7,8.0,10.2
GHCND:USC00058575,VAIL CO US,2531.1,39.6394,-106.3538,20100129,0,0,0,0,0,0,0,0,23,28,33,38,40,43,48,0.05,1.0,0.11,2.0,0.21,3.3,1.59,33.1,1.59,33.1,378,214,17,1,383,315,13,132,54,17.1,23.8,29.0,5.2,8.1,8.7,8.0,10.3
GHCND:USC00058575,VAIL CO US,2531.1,39.6394,-106.3538,20100130,0,0,0,0,0,0,0,0,23,28,33,38,40,43,48,0.05,1.0,0.11,2.0,0.21,3.3,1.65,34.2,1.65,34.2,379,215,18,1,383,314,13,132,54,17.2,23.8,29.1,5.3,8.1,8.7,8.0,10.3
GHCND:USC00058575,VAIL CO US,2531.1,39.6394,-106.3538,20100131,0,0,0,0,0,0,0,0,23,28,33,38,40,43,48,0.05,1.0,0.11,2.0,0.21,3.3,1.70,35.2,1.70,35.2,380,216,18,1,384,314,13,132,55,17.3,23.9,29.3,5.4,8.1,8.8,8.0,10.4
GHCND:USC00058575,VAIL CO US,2531.1,39.6394,-106.3538,20100201,0,0,0,0,0,0,0,0,23,28,33,38,40,43,48,0.05,1.0,0.11,2.0,0.21,3.4,0.06,1.2,1.76,36.4,381,216,18,1,384,314,13,132,56,17.5,23.9,29.4,5.5,8.1,8.8,8.0,10.4
GHCND:USC00058575,VAIL CO US,2531.1,39.6394,-106.3538,20100202,0,0,0,0,0,0,0,0,22,27,32,37,39,42,47,0.05,1.0,0.11,2.0,0.21,3.4,0.12,2.4,1.82,37.6,382,217,18,1,385,314,13,132,56,17.6,23.9,29.6,5.7,8.1,8.8,8.0,10.4
GHCND:USC00058575,VAIL CO US,2531.1,39.6394,-106.3538,20100203,0,0,0,0,0,0,0,0,22,27,32,37,39,42,47,0.05,1.0,0.11,2.0,0.21,3.4,0.18,3.6,1.88,38.8,382,218,18,1,386,314,13,132,56,17.8,23.9,29.7,5.8,8.1,8.9,7.9,10.4
GHCND:USC00058575,VAIL CO US,2531.1,39.6394,-106.3538,20100204,0,0,0,0,0,0,0,0,22,27,32,37,39,42,47,0.05,1.0,0.11,2.0,0.21,3.4,0.25,4.8,1.95,40.0,383,220,18,1,386,314,13,133,57,17.9,23.9,29.9,6.0,8.0,8.9,7.9,10.4
GHCND:USC00058575,VAIL CO US,2531.1,39.6394,-106.3538,20100205,0,0,0,0,0,0,0,0,22,27,32,37,39,42,47,0.05,1.0,0.12,2.0,0.21,3.4,0.31,6.1,2.01,41.3,385,221,19,1,388,315,13,134,57,18.1,23.9,30.1,6.1,8.0,8.9,7.9,10.4
GHCND:USC00058575,VAIL CO US,2531.1,39.6394,-106.3538,20100206,0,0,0,0,0,0,0,0,22,27,32,37,39,42,47,0.05,1.0,0.12,2.0,0.21,3.5,0.38,7.3,2.08,42.5,386,223,19,1,389,316,13,135,58,18.3,24.0,30.3,6.3,8.0,9.0,7.9,10.4
GHCND:USC00058575,VAIL CO US,2531.1,39.6394,-106.3538,20100207,0,0,0,0,0,0,0,0,21,26,31,36,38,41,46,0.05,1.0,0.12,2.0,0.22,3.5,0.45,8.6,2.15,43.8,388,225,20,1,390,317,13,136,59,18.5,24.0,30.5,6.5,8.0,9.0,7.9,10.4
GHCND:USC00058575,VAIL CO US,2531.1,39.6394,-106.3538,20100208,0,0,0,0,0,0,0,0,21,26,31,36,38,41,46,0.05,1.0,0.12,2.0,0.22,3.5,0.53,10.0,2.23,45.2,390,227,20,1,392,319,14,137,60,18.7,24.0,30.7,6.7,8.0,9.0,7.9,10.4
GHCND:USC00058575,VAIL CO US,2531.1,39.6394,-106.3538,20100209,0,0,0,0,0,0,0,0,21,26,31,36,38,41,46,0.05,1.0,0.12,2.0,0.22,3.5,0.61,11.3,2.31,46.5,392,229,21,1,393,320,14,138,61,18.9,24.0,30.9,6.9,8.0,9.0,7.9,10.4
GHCND:USC00058575,VAIL CO US,2531.1,39.6394,-106.3538,20100210,0,0,0,0,0,0,0,0,21,26,31,36,38,41,46,0.05,1.0,0.12,2.0,0.22,3.5,0.68,12.6,2.38,47.8,393,231,21,1,394,321,14,139,62,19.2,24.0,31.1,7.2,8.0,9.0,7.9,10.4
GHCND:USC00058575,VAIL CO US,2531.1,39.6394,-106.3538,20100211,0,0,0,0,0,0,0,0,21,26,31,36,38,41,46,0.05,1.0,0.12,2.0,0.22,3.6,0.76,13.9,2.46,49.1,395,233,22,1,395,322,14,141,64,19.4,24.0,31.4,7.4,8.0,9.0,7.9,10.4
GHCND:USC00058575,VAIL CO US,2531.1,39.6394,-106.3538,20100212,0,0,0,0,0,0,0,0,20,25,30,35,37,40,45,0.05,1.0,0.12,2.0,0.22,3.6,0.83,15.2,2.53,50.4,396,235,22,1,396,323,15,142,65,19.6,24.0,31.6,7.6,8.0,9.0,7.9,10.4
GHCND:USC00058575,VAIL CO US,2531.1,39.6394,-106.3538,20100213,0,0,0,0,0,0,0,0,20,25,30,35,37,40,45,0.05,1.0,0.12,2.0,0.22,3.6,0.91,16.5,2.61,51.7,397,236,23,1,397,324,15,143,65,19.9,24.0,31.9,7.9,8.0,9.0,8.0,10.3
GHCND:USC00058575,VAIL CO US,2531.1,39.6394,-106.3538,20100214,0,0,0,0,0,0,0,0,20,25,30,35,37,40,45,0.05,1.0,0.12,2.0,0.23,3.6,0.99,17.9,2.69,53.1,397,237,23,1,397,325,15,144,66,20.2,24.0,32.2,8.1,8.0,9.0,8.0,10.3
GHCND:USC00058575,VAIL CO US,2531.1,39.6394,-106.3538,20100215,0,0,0,0,0,0,0,0,20,25,30,35,37,40,45,0.05,1.0,0.13,2.0,0.23,3.6,1.07,19.3,2.77,54.5,397,238,23,1,397,325,15,144,67,20.4,24.0,32.4,8.4,8.0,9.0,8.0,10.3
GHCND:USC00058575,VAIL CO US,2531.1,39.6394,-106.3538,20100216,0,0,0,0,0,0,0,0,19,24,29,34,36,39,44,0.05,1.0,0.13,2.0,0.23,3.6,1.15,20.6,2.85,55.8,396,238,23,1,396,325,15,144,67,20.7,24.0,32.7,8.7,8.0,9.0,8.0,10.2
GHCND:USC00058575,VAIL CO US,2531.1,39.6394,-106.3538,20100217,0,0,0,0,0,0,0,0,19,24,29,34,36,39,44,0.06,1.0,0.13,2.0,0.23,3.6,1.23,21.9,2.93,57.1,396,237,24,1,395,325,15,145,68,21.0,24.0,33.0,9.0,8.0,9.0,8.0,10.2
GHCND:USC00058575,VAIL CO US,2531.1,39.6394,-106.3538,20100218,0,0,0,0,0,0,0,0,19,24,29,34,36,39,44,0.06,1.0,0.13,2.0,0.23,3.6,1.31,23.1,3.01,58.3,395,237,24,1,394,324,15,144,68,21.3,24.0,33.3,9.3,7.9,9.0,8.0,10.1
GHCND:USC00058575,VAIL CO US,2531.1,39.6394,-106.3538,20100219,0,0,0,0,0,0,0,0,18,23,28,33,35,38,43,0.06,1.0,0.13,2.0,0.23,3.6,1.38,24.5,3.08,59.7,394,237,24,1,393,323,15,144,68,21.6,24.0,33.6,9.5,7.9,9.0,8.1,10.1
GHCND:USC00058575,VAIL CO US,2531.1,39.6394,-106.3538,20100220,-7777,0,0,0,0,0,0,0,18,23,28,33,35,38,43,0.06,1.0,0.13,2.0,0.23,3.6,1.46,25.8,3.16,61.0,393,236,24,2,391,322,15,144,68,21.9,24.0,33.9,9.8,7.9,9.0,8.1,10.0
GHCND:USC00058575,VAIL CO US,2531.1,39.6394,-106.3538,20100221,-7777,0,0,0,0,0,0,0,18,23,28,33,35,38,43,0.06,1.0,0.13,2.0,0.23,3.7,1.53,27.1,3.23,62.3,391,235,24,2,388,320,15,143,67,22.2,24.0,34.2,10.1,7.9,9.0,8.1,9.9
GHCND:USC00058575,VAIL CO US,2531.1,39.6394,-106.3538,20100222,-7777,0,0,0,0,0,0,0,18,23,28,33,35,38,43,0.06,1.0,0.13,2.0,0.23,3.7,1.61,28.4,3.31,63.6,388,234,24,2,385,318,14,142,67,22.5,24.0,34.5,10.4,7.8,8.9,8.1,9.8
GHCND:USC00058575,VAIL CO US,2531.1,39.6394,-106.3538,20100223,-7777,0,0,0,0,0,0,0,17,22,27,32,34,37,42,0.06,1.0,0.13,2.0,0.23,3.7,1.68,29.7,3.38,64.9,385,232,24,1,382,315,14,141,66,22.8,24.1,34.8,10.7,7.8,8.9,8.1,9.7
GHCND:USC00058575,VAIL CO US,2531.1,39.6394,-106.3538,20100224,-7777,0,0,0,0,0,0,0,17,22,27,32,34,37,42,0.06,1.0,0.13,2.0,0.23,3.7,1.76,31.0,3.46,66.2,381,230,24,1,378,313,14,139,65,23.1,24.1,35.1,11.0,7.8,8.9,8.1,9.6
GHCND:USC00058575,VAIL CO US,2531.1,39.6394,-106.3538,20100225,-7777,0,0,0,0,0,0,0,17,22,27,32,34,37,42,0.06,1.0,0.13,2.0,0.23,3.7,1.83,32.3,3.53,67.5,378,229,24,1,375,311,13,138,64,23.4,24.1,35.4,11.3,7.7,8.8,8.1,9.5
GHCND:USC00058575,VAIL CO US,2531.1,39.6394,-106.3538,20100226,-7777,0,0,0,0,0,0,0,16,21,26,31,33,36,41,0.06,1.0,0.13,2.0,0.23,3.7,1.91,33.6,3.61,68.8,375,228,24,1,372,309,13,137,62,23.7,24.1,35.7,11.6,7.7,8.8,8.1,9.4
GHCND:USC00058575,VAIL CO US,2531.1,39.6394,-106.3538,20100227,-7777,0,0,0,0,0,0,0,16,21,26,31,33,36,41,0.06,1.0,0.13,2.0,0.23,3.6,1.98,34.8,3.68,70.0,372,226,23,1,368,306,12,135,61,24.0,24.1,36.0,11.9,7.6,8.7,8.2,9.3
GHCND:USC00058575,VAIL CO US,2531.1,39.6394,-106.3538,20100228,-7777,0,0,0,0,0,0,0,16,21,26,31,33,36,41,0.06,1.0,0.13,2.0,0.23,3.6,2.05,36.0,3.75,71.2,368,224,23,1,364,304,12,133,60,24.3,24.1,36.3,12.2,7.6,8.7,8.2,9.2
GHCND:USC00058575,VAIL CO US,2531.1,39.6394,-106.3538,20100301,-7777,0,0,0,0,0,0,0,15,20,25,30,32,35,40,0.06,1.0,0.13,2.0,0.24,3.6,0.08,1.0,3.83,72.2,360,219,23,1,356,299,11,130,57,24.6,24.1,36.6,12.5,7.6,8.6,8.2,9.1
GHCND:USC00058575,VAIL CO US,2531.1,39.6394,-106.3538,20100302,-7777,0,0,0,0,0,0,0,15,20,25,30,32,35,40,0.06,1.0,0.12,2.0,0.24,3.6,0.16,2.0,3.91,73.2,357,218,23,1,352,296,11,128,56,24.9,24.1,36.9,12.8,7.5,8.6,8.2,9.0
GHCND:USC00058575,VAIL CO US,2531.1,39.6394,-106.3538,20100303,-7777,0,0,0,0,0,0,0,15,20,25,30,32,35,40,0.06,1.0,0.12,2.0,0.24,3.6,0.23,2.9,3.98,74.1,353,216,23,1,348,293,10,126,55,25.2,24.1,37.2,13.1,7.5,8.5,8.3,8.9
GHCND:USC00058575,VAIL CO US,2531.1,39.6394,-106.3538,20100304,-7777,0,0,0,0,0,0,0,15,20,25,30,32,35,40,0.06,1.0,0.12,2.0,0.24,3.6,0.31,3.9,4.06,75.1,350,214,22,1,344,290,10,124,55,25.4,24.1,37.5,13.4,7.5,8.5,8.3,8.9
GHCND:USC00058575,VAIL CO US,2531.1,39.6394,-106.3538,20100305,-7777,0,0,0,0,0,0,0,14,19,24,29,31,34,39,0.06,1.0,0.12,2.0,0.24,3.6,0.38,4.9,4.13,76.1,346,212,22,1,340,287,10,122,54,25.7,24.1,37.8,13.7,7.5,8.4,8.4,8.8
GHCND:USC00058575,VAIL CO US,2531.1,39.6394,-106.3538,20100306,-7777,0,0,0,0,0,0,0,14,19,24,29,31,34,39,0.06,1.0,0.12,2.0,0.24,3.6,0.46,5.8,4.21,77.0,342,210,22,1,335,284,10,121,53,26.0,24.1,38.1,13.9,7.5,8.4,8.4,8.7
GHCND:USC00058575,VAIL CO US,2531.1,39.6394,-106.3538,20100307,-7777,0,0,0,0,0,0,0,14,19,24,29,31,34,39,0.06,1.0,0.12,2.0,0.24,3.5,0.53,6.8,4.28,78.0,338,207,22,1,331,281,9,119,52,26.3,24.2,38.4,14.2,7.5,8.3,8.4,8.7
GHCND:USC00058575,VAIL CO US,2531.1,39.6394,-106.3538,20100308,-7777,0,0,0,0,0,0,0,13,18,23,28,30,33,38,0.06,1.0,0.12,2.0,0.24,3.5,0.59,7.7,4.34,78.9,334,205,22,1,327,277,9,117,51,26.5,24.2,38.6,14.5,7.5,8.3,8.5,8.6
GHCND:USC00058575,VAIL CO US,2531.1,39.6394,-106.3538,20100309,-7777,0,0,0,0,0,0,0,13,18,23,28,30,33,38,0.06,1.0,0.12,2.0,0.24,3.6,0.65,8.5,4.40,79.7,331,203,22,1,323,274,9,115,50,26.8,24.2,38.9,14.7,7.5,8.2,8.5,8.6
GHCND:USC00058575,VAIL CO US,2531.1,39.6394,-106.3538,20100310,-7777,0,0,0,0,0,0,0,13,18,23,28,30,33,38,0.06,1.0,0.12,2.0,0.24,3.6,0.71,9.3,4.46,80.5,327,202,22,1,319,271,9,114,50,27.1,24.2,39.2,15.0,7.5,8.2,8.5,8.5
GHCND:USC00058575,VAIL CO US,2531.1,39.6394,-106.3538,20100311,0,0,0,0,0,0,0,0,13,18,23,28,30,33,38,0.06,1.0,0.12,2.0,0.24,3.6,0.77,10.2,4.52,81.4,324,200,22,1,314,268,8,112,49,27.3,24.2,39.4,15.2,7.5,8.1,8.5,8.5
GHCND:USC00058575,VAIL CO US,2531.1,39.6394,-106.3538,20100312,0,0,0,0,0,0,0,0,12,17,22,27,29,32,37,0.06,1.0,0.12,2.0,0.25,3.6,0.83,11.0,4.58,82.2,320,199,21,2,310,264,8,111,49,27.6,24.2,39.7,15.5,7.4,8.1,8.5,8.4
GHCND:USC00058575,VAIL CO US,2531.1,39.6394,-106.3538,20100313,0,0,0,0,0,0,0,0,12,17,22,27,29,32,37,0.06,1.0,0.12,2.0,0.25,3.6,0.89,11.9,4.64,83.1,317,198,21,2,306,261,8,109,48,27.8,24.2,39.9,15.7,7.4,8.1,8.5,8.4
GHCND:USC00058575,VAIL CO US,2531.1,39.6394,-106.3538,20100314,0,0,0,0,0,0,0,0,12,17,22,27,29,32,37,0.07,1.0,0.12,2.0,0.25,3.6,0.96,12.7,4.71,83.9,315,197,21,2,303,259,8,108,48,28.0,24.3,40.2,15.9,7.4,8.0,8.5,8.3
GHCND:USC00058575,VAIL CO US,2531.1,39.6394,-106.3538,20100315,0,0,0,0,0,0,0,0,12,17,22,27,29,32,37,0.07,1.0,0.13,2.0,0.25,3.7,1.03,13.5,4.78,84.7,313,196,21,2,300,256,7,107,47,28.3,24.3,40.4,16.1,7.4,8.0,8.5,8.3
GHCND:USC00058575,VAIL CO US,2531.1,39.6394,-106.3538,20100316,-7777,0,0,0,0,0,0,0,12,17,22,27,29,32,37,0.07,1.0,0.13,2.0,0.25,3.7,1.09,14.4,4.84,85.6,311,196,21,2,297,253,7,106,47,28.5,24.3,40.6,16.4,7.3,7.9,8.5,8.2
GHCND:USC00058575,VAIL CO US,2531.1,39.6394,-106.3538,20100317,-7777,0,0,0,0,0,0,0,11,16,21,26,28,31,36,0.07,1.0,0.13,2.0,0.25,3.7,1.16,15.2,4.91,86.4,309,196,22,2,294,251,7,106,46,28.7,24.3,40.9,16.6,7.3,7.9,8.5,8.1
GHCND:USC00058575,VAIL CO US,2531.1,39.6394,-106.3538,20100318,-7777,0,0,0,0,0,0,0,11,16,21,26,28,31,36,0.07,1.0,0.13,2.0,0.25,3.7,1.23,16.1,4.98,87.3,308,196,22,2,291,249,7,105,46,28.9,24.3,41.1,16.8,7.3,7.9,8.5,8.1
GHCND:USC00058575,VAIL CO US,2531.1,39.6394,-106.3538,20100319,-7777,0,0,0,0,0,0,0,11,16,21,26,28,31,36,0.07,1.0,0.13,2.0,0.25,3.7,1.29,16.9,5.04,88.1,306,195,22,2,288,246,7,104,45,29.2,24.3,41.3,17.0,7.2,7.8,8.5,8.0
GHCND:USC00058575,VAIL CO US,2531.1,39.6394,-106.3538,20100320,-7777,0,0,0,0,0,0,0,11,16,21,26,28,31,36,0.07,1.0,0.13,2.0,0.25,3.7,1.36,17.7,5.11,88.9,305,195,21,2,285,244,7,103,45,29.4,24.3,41.5,17.2,7.2,7.8,8.4,8.0
GHCND:USC00058575,VAIL CO US,2531.1,39.6394,-106.3538,20100321,-7777,0,0,0,0,0,0,0,11,15,20,25,27,30,35,0.07,1.0,0.13,2.0,0.25,3.7,1.43,18.5,5.18,89.7,304,195,21,2,282,242,7,102,44,29.6,24.4,41.8,17.4,7.2,7.8,8.4,7.9
GHCND:USC00058575,VAIL CO US,2531.1,39.6394,-106.3538,20100322,-7777,0,0,0,0,0,0,0,10,15,20,25,27,30,35,0.07,1.0,0.13,2.0,0.25,3.7,1.50,19.2,5.25,90.4,304,195,21,3,280,240,7,102,44,29.8,24.4,42.0,17.6,7.1,7.8,8.4,7.9
GHCND:USC00058575,VAIL CO US,2531.1,39.6394,-106.3538,20100323,-7777,0,0,0,0,0,0,0,10,15,20,25,27,30,35,0.07,1.0,0.13,2.0,0.25,3.8,1.57,20.0,5.32,91.2,304,196,21,3,278,239,7,102,44,30.0,24.4,42.2,17.8,7.1,7.7,8.4,7.8
GHCND:USC00058575,VAIL CO US,2531.1,39.6394,-106.3538,20100324,-7777,0,0,0,0,0,0,0,10,15,20,25,27,30,35,0.07,1.0,0.13,2.0,0.25,3.8,1.64,20.8,5.39,92.0,304,197,21,3,277,238,7,101,45,30.2,24.4,42.4,18.0,7.1,7.7,8.4,7.8
GHCND:USC00058575,VAIL CO US,2531.1,39.6394,-106.3538,20100325,-7777,0,0,0,0,0,0,0,10,15,20,25,27,30,35,0.07,1.0,0.13,2.0,0.26,3.8,1.72,21.6,5.47,92.8,305,198,22,3,276,236,7,101,45,30.4,24.4,42.6,18.2,7.1,7.7,8.4,7.7
GHCND:USC00058575,VAIL CO US,2531.1,39.6394,-106.3538,20100326,-7777,0,0,0,0,0,0,0,10,14,19,24,26,29,34,0.07,1.0,0.13,2.0,0.26,3.8,1.79,22.4,5.54,93.6,305,198,22,3,275,235,8,101,45,30.6,24.5,42.8,18.4,7.1,7.7,8.5,7.7
GHCND:USC00058575,VAIL CO US,2531.1,39.6394,-106.3538,20100327,-7777,0,0,0,0,0,0,0,9,14,19,24,26,29,34,0.07,1.0,0.13,2.0,0.26,3.8,1.86,23.2,5.61,94.4,307,200,22,4,274,234,8,101,46,30.8,24.5,43.1,18.6,7.1,7.7,8.5,7.6
GHCND:USC00058575,VAIL CO US,2531.1,39.6394,-106.3538,20100328,-7777,0,0,0,0,0,0,0,9,14,19,24,26,29,34,0.07,1.0,0.13,2.0,0.26,3.8,1.95,24.0,5.70,95.2,308,201,22,4,273,233,8,101,46,31.0,24.5,43.3,18.8,7.1,7.7,8.5,7.6
GHCND:USC00058575,VAIL CO US,2531.1,39.6394,-106.3538,20100329,-7777,0,0,0,0,0,0,0,9,14,19,24,26,29,34,0.07,1.0,0.14,2.0,0.26,3.8,2.03,24.8,5.78,96.0,309,202,22,4,272,232,8,101,46,31.2,24.5,43.5,19.0,7.1,7.7,8.6,7.5
GHCND:USC00058575,VAIL CO US,2531.1,39.6394,-106.3538,20100330,-7777,0,0,0,0,0,0,0,9,14,19,24,26,29,34,0.07,1.0,0.14,2.0,0.26,3.9,2.11,25.5,5.86,96.7,310,202,23,4,271,231,8,101,47,31.5,24.5,43.7,19.2,7.1,7.7,8.6,7.5
GHCND:USC00058575,VAIL CO US,2531.1,39.6394,-106.3538,20100331,-7777,0,0,0,0,0,0,0,9,13,18,23,25,28,33,0.07,1.0,0.14,2.0,0.26,3.9,2.19,26.3,5.94,97.5,310,203,23,5,270,229,9,101,47,31.7,24.6,44.0,19.4,7.1,7.7,8.7,7.4
GHCND:USC00058575,VAIL CO US,2531.1,39.6394,-106.3538,20100401,-7777,0,0,0,0,0,0,0,8,13,18,23,25,28,33,0.07,1.0,0.14,2.0,0.26,3.9,0.07,0.8,6.01,98.3,311,204,23,5,269,228,9,101,47,31.9,24.6,44.2,19.6,7.1,7.7,8.8,7.4
GHCND:USC00058575,VAIL CO US,2531.1,39.6394,-106.3538,20100402,-7777,0,0,0,0,0,0,0,8,13,18,23,25,28,33,0.07,1.0,0.14,2.0,0.26,3.9,0.14,1.6,6.08,99.1,312,205,23,5,268,227,9,101,47,32.1,24.6,44.4,19.8,7.1,7.7,8.8,7.3
GHCND:USC00058575,VAIL CO US,2531.1,39.6394,-106.3538,20100403,-7777,0,0,0,0,0,0,0,8,13,18,23,25,28,33,0.07,1.0,0.14,2.0,0.26,3.9,0.21,2.3,6.15,99.8,313,205,24,5,266,226,9,100,47,32.4,24.6,44.7,20.0,7.1,7.7,8.9,7.3
GHCND:USC00058575,VAIL CO US,2531.1,39.6394,-106.3538,20100404,-7777,0,0,0,0,0,0,0,8,12,17,22,24,27,32,0.07,1.0,0.14,2.0,0.26,4.0,0.28,3.1,6.22,100.6,314,207,24,5,265,224,9,100,48,32.6,24.7,44.9,20.3,7.1,7.7,9.0,7.2
GHCND:USC00058575,VAIL CO US,2531.1,39.6394,-106.3538,20100405,-7777,0,0,0,0,0,0,0,8,12,17,22,24,27,32,0.07,1.0,0.14,2.0,0.26,4.0,0.35,3.8,6.29,101.3,316,208,24,5,264,223,9,100,48,32.8,24.7,45.2,20.5,7.1,7.8,9.0,7.1
GHCND:USC00058575,VAIL CO US,2531.1,39.6394,-106.3538,20100406,-7777,0,0,0,0,0,0,0,7,12,17,22,24,27,32,0.07,1.0,0.14,2.0,0.26,4.0,0.42,4.5,6.36,102.0,317,208,25,6,262,221,9,100,48,33.1,24.7,45.5,20.7,7.1,7.8,9.1,7.0
GHCND:USC00058575,VAIL CO US,2531.1,39.6394,-106.3538,20100407,-7777,0,0,0,0,0,0,0,7,12,17,22,24,27,32,0.07,1.0,0.14,2.0,0.26,4.0,0.49,5.3,6.43,102.8,318,209,25,6,260,219,9,99,47,33.3,24.8,45.7,21.0,7.1,7.8,9.1,6.9
GHCND:USC00058575,VAIL CO US,2531.1,39.6394,-106.3538,20100408,-7777,0,0,0,0,0,0,0,7,11,16,21,23,26,31,0.07,1.0,0.14,2.0,0.26,4.0,0.57,6.0,6.51,103.5,319,210,25,6,258,218,9,99,47,33.6,24.8,46.0,21.2,7.1,7.8,9.1,6.9
GHCND:USC00058575,VAIL CO US,2531.1,39.6394,-106.3538,20100409,-7777,0,0,0,0,0,0,0,7,11,16,21,23,26,31,0.07,1.0,0.15,2.0,0.26,4.0,0.65,6.8,6.59,104.3,320,211,25,6,257,216,9,98,47,33.9,24.8,46.3,21.5,7.1,7.8,9.2,6.7
GHCND:USC00058575,VAIL CO US,2531.1,39.6394,-106.3538,20100410,-7777,0,0,0,0,0,0,0,6,11,16,21,23,26,31,0.07,1.0,0.15,2.0,0.26,4.0,0.74,7.6,6.68,105.1,322,212,25,6,255,214,9,97,46,34.2,24.9,46.6,21.7,7.0,7.8,9.2,6.6
GHCND:USC00058575,VAIL CO US,2531.1,39.6394,-106.3538,20100411,-7777,0,0,0,0,0,0,0,6,11,16,21,23,26,31,0.07,1.0,0.15,2.0,0.26,4.0,0.82,8.4,6.76,105.9,323,212,26,6,253,212,9,96,46,34.4,24.9,46.9,22.0,7.0,7.9,9.3,6.5
GHCND:USC00058575,VAIL CO US,2531.1,39.6394,-106.3538,20100412,-7777,0,0,0,0,0,0,0,6,10,15,20,22,25,30,0.06,1.0,0.15,2.0,0.26,4.0,0.91,9.2,6.85,106.7,324,212,26,6,250,210,9,95,45,34.7,24.9,47.2,22.3,7.0,7.9,9.3,6.4
GHCND:USC00058575,VAIL CO US,2531.1,39.6394,-106.3538,20100413,-7777,0,0,0,0,0,0,0,6,10,15,20,22,25,30,0.06,1.0,0.15,2.0,0.25,4.0,0.99,9.9,6.93,107.4,324,212,26,6,247,207,9,93,45,35.0,25.0,47.5,22.5,7.0,7.9,9.4,6.3
GHCND:USC00058575,VAIL CO US,2531.1,39.6394,-106.3538,20100414,-7777,0,0,0,0,0,0,0,6,10,15,20,22,25,30,0.06,1.0,0.15,2.0,0.25,4.0,1.07,10.7,7.01,108.2,324,212,26,6,245,205,9,92,45,35.3,25.0,47.9,22.8,6.9,8.0,9.4,6.2
GHCND:USC00058575,VAIL CO US,2531.1,39.6394,-106.3538,20100415,-7777,0,0,0,0,0,0,0,5,9,14,19,21,24,29,0.06,1.0,0.15,2.0,0.25,4.0,1.15,11.4,7.09,108.9,325,212,26,6,242,202,8,91,44,35.6,25.1,48.2,23.1,6.9,8.0,9.5,6.1
GHCND:USC00058575,VAIL CO US,2531.1,39.6394,-106.3538,20100416,-7777,0,0,0,0,0,0,0,5,9,14,19,21,24,29,0.06,1.0,0.15,2.0,0.25,3.9,1.24,12.2,7.18,109.7,325,212,27,6,239,200,8,89,44,36.0,25.1,48.5,23.4,6.9,8.1,9.5,6.0
GHCND:USC00058575,VAIL CO US,2531.1,39.6394,-106.3538,20100417,-7777,0,0,0,0,0,0,0,5,9,14,19,21,24,29,0.06,1.0,0.15,2.0,0.26,3.9,1.33,12.9,7.27,110.4,326,213,27,6,237,198,8,88,43,36.3,25.2,48.9,23.7,6.8,8.1,9.6,5.9
GHCND:USC00058575,VAIL CO US,2531.1,39.6394,-106.3538,20100418,-7777,0,0,0,0,0,0,0,5,9,13,18,20,23,28,0.06,1.0,0.15,2.0,0.26,3.9,1.41,13.7,7.35,111.2,326,213,27,6,234,195,8,87,43,36.6,25.2,49.2,24.0,6.8,8.1,9.6,5.8
GHCND:USC00058575,VAIL CO US,2531.1,39.6394,-106.3538,20100419,-7777,0,0,0,0,0,0,0,4,8,13,18,20,23,28,0.06,1.0,0.15,2.0,0.26,3.9,1.50,14.4,7.44,111.9,327,214,28,6,231,192,8,85,42,36.9,25.3,49.6,24.3,6.8,8.2,9.6,5.7
GHCND:USC00058575,VAIL CO US,2531.1,39.6394,-106.3538,20100420,-7777,-7777,0,0,0,0,0,0,4,8,13,18,20,23,28,0.06,1.0,0.15,2.0,0.26,3.9,1.58,15.2,7.52,112.7,328,214,28,6,228,189,8,84,42,37.3,25.4,50.0,24.6,6.8,8.2,9.7,5.6
GHCND:USC00058575,VAIL CO US,2531.1,39.6394,-106.3538,20100421,-7777,-7777,0,0,0,0,0,0,4,8,12,17,19,22,27,0.06,1.0,0.15,2.0,0.26,3.9,1.67,15.9,7.61,113.4,328,214,29,6,224,186,8,82,41,37.6,25.4,50.3,24.9,6.8,8.3,9.7,5.5
GHCND:USC00058575,VAIL CO US,2531.1,39.6394,-106.3538,20100422,-7777,-7777,0,0,0,0,0,0,4,7,12,17,19,22,27,0.06,1.0,0.15,2.0,0.26,3.9,1.75,16.5,7.69,114.0,328,214,29,6,220,182,7,81,40,38.0,25.5,50.7,25.2,6.7,8.3,9.8,5.5
GHCND:USC00058575,VAIL CO US,2531.1,39.6394,-106.3538,20100423,-7777,-7777,0,0,0,0,0,0,4,7,12,17,19,22,27,0.06,1.0,0.15,2.0,0.26,3.9,1.83,17.2,7.77,114.7,329,213,29,6,216,178,7,79,39,38.3,25.6,51.1,25.5,6.7,8.4,9.8,5.4
GHCND:USC00058575,VAIL CO US,2531.1,39.6394,-106.3538,20100424,-7777,-7777,0,0,0,0,0,0,3,7,11,16,18,21,26,0.06,1.0,0.15,2.0,0.26,3.8,1.92,17.8,7.86,115.3,328,213,29,6,211,174,7,77,38,38.7,25.6,51.5,25.8,6.7,8.4,9.8,5.3
GHCND:USC00058575,VAIL CO US,2531.1,39.6394,-106.3538,20100425,1,-7777,0,0,0,0,0,0,3,7,11,16,18,21,26,0.06,1.0,0.15,2.0,0.26,3.8,2.00,18.4,7.94,115.9,327,211,29,6,206,170,7,75,37,39.0,25.7,51.9,26.1,6.7,8.5,9.9,5.2
GHCND:USC00058575,VAIL CO US,2531.1,39.6394,-106.3538,20100426,1,-7777,0,0,0,0,0,0,3,6,11,16,18,21,26,0.05,1.0,0.14,2.0,0.25,3.8,2.07,19.0,8.01,116.5,326,210,29,6,200,165,6,72,36,39.4,25.8,52.3,26.5,6.6,8.5,9.9,5.2
GHCND:USC00058575,VAIL CO US,2531.1,39.6394,-106.3538,20100427,1,-7777,0,0,0,0,0,0,3,6,10,15,17,20,25,0.05,1.0,0.14,2.0,0.25,3.8,2.15,19.6,8.09,117.1,325,208,29,6,194,160,6,70,35,39.7,25.9,52.6,26.8,6.6,8.5,9.9,5.1
GHCND:USC00058575,VAIL CO US,2531.1,39.6394,-106.3538,20100428,1,-7777,0,0,0,0,0,0,3,6,10,15,17,20,25,0.05,1.0,0.14,2.0,0.25,3.7,2.23,20.1,8.17,117.6,324,207,29,5,189,156,6,68,33,40.1,26.0,53.0,27.1,6.6,8.5,9.9,5.0
GHCND:USC00058575,VAIL CO US,2531.1,39.6394,-106.3538,20100429,1,-7777,0,0,0,0,0,0,2,5,10,15,17,20,25,0.05,1.0,0.14,2.0,0.25,3.7,2.30,20.7,8.24,118.2,324,206,29,5,183,151,6,65,32,40.4,26.1,53.4,27.4,6.5,8.6,9.8,5.0
GHCND:USC00058575,VAIL CO US,2531.1,39.6394,-106.3538,20100430,1,-7777,0,0,0,0,0,0,2,5,9,14,16,19,24,0.05,1.0,0.14,2.0,0.25,3.7,2.38,21.2,8.32,118.7,323,205,29,5,178,146,5,63,31,40.7,26.2,53.8,27.7,6.5,8.6,9.8,4.9
GHCND:USC00058575,VAIL CO US,2531.1,39.6394,-106.3538,20100501,1,-7777,0,0,0,0,0,0,2,5,9,14,16,19,24,0.05,1.0,0.14,2.0,0.25,3.7,0.08,0.4,8.40,119.1,322,204,28,5,171,141,-9999,61,29,41.1,26.3,54.2,27.9,6.4,8.6,9.8,4.9
GHCND:USC00058575,VAIL CO US,2531.1,39.6394,-106.3538,20100502,1,-7777,0,0,0,0,0,0,2,5,9,14,16,19,24,0.05,1.0,0.14,2.0,0.25,3.7,0.16,0.7,8.48,119.4,321,202,28,5,165,136,-9999,58,28,41.4,26.4,54.6,28.2,6.4,8.6,9.7,4.9
GHCND:USC00058575,VAIL CO US,2531.1,39.6394,-106.3538,20100503,1,-7777,-7777,-7777,0,0,0,0,2,4,8,13,15,18,23,0.05,1.0,0.14,2.0,0.25,3.7,0.24,1.1,8.56,119.8,320,200,28,5,159,130,-9999,55,26,41.8,26.5,55.0,28.5,6.4,8.5,9.7,4.8
GHCND:USC00058575,VAIL CO US,2531.1,39.6394,-106.3538,20100504,1,-7777,-7777,-7777,0,0,0,0,2,4,8,13,15,18,23,0.05,1.0,0.13,2.0,0.25,3.7,0.32,1.4,8.64,120.1,319,198,27,5,153,125,-9999,53,25,42.1,26.7,55.4,28.8,6.3,8.5,9.6,4.8
GHCND:USC00058575,VAIL CO US,2531.1,39.6394,-106.3538,20100505,1,-7777,-7777,-7777,0,0,0,0,2,4,8,13,15,18,23,0.05,1.0,0.13,2.0,0.25,3.7,0.40,1.7,8.72,120.4,318,197,27,5,147,120,-9999,50,23,42.4,26.8,55.8,29.0,6.3,8.5,9.6,4.8
GHCND:USC00058575,VAIL CO US,2531.1,39.6394,-106.3538,20100506,2,-7777,-7777,-7777,0,0,0,0,2,4,8,12,14,17,22,0.05,1.0,0.13,2.0,0.25,3.6,0.47,2.1,8.79,120.8,317,195,27,5,141,115,-9999,47,22,42.8,26.9,56.2,29.3,6.2,8.5,9.5,4.8
GHCND:USC00058575,VAIL CO US,2531.1,39.6394,-106.3538,20100507,2,-7777,-7777,-7777,0,0,0,0,1,4,7,12,14,17,22,0.05,1.0,0.13,2.0,0.25,3.6,0.55,2.3,8.87,121.0,315,193,26,5,135,109,-9999,45,21,43.1,27.1,56.6,29.5,6.2,8.5,9.5,4.7
GHCND:USC00058575,VAIL CO US,2531.1,39.6394,-106.3538,20100508,2,-7777,-7777,-7777,0,0,0,0,1,3,7,12,14,17,22,0.05,1.0,0.13,2.0,0.25,3.6,0.61,2.6,8.93,121.3,314,191,26,5,129,104,-9999,42,19,43.4,27.2,57.0,29.8,6.2,8.5,9.4,4.7
GHCND:USC00058575,VAIL CO US,2531.1,39.6394,-106.3538,20100509,2,-7777,-7777,-7777,0,0,0,0,1,3,7,11,13,16,21,0.05,1.0,0.13,2.0,0.25,3.6,0.67,2.8,8.99,121.5,313,189,26,5,123,99,-9999,40,18,43.7,27.4,57.4,30.0,6.1,8.5,9.4,4.7
GHCND:USC00058575,VAIL CO US,2531.1,39.6394,-106.3538,20100510,2,-7777,-7777,-7777,0,0,0,0,1,3,6,11,13,16,21,0.05,1.0,0.12,2.0,0.25,3.6,0.73,3.0,9.05,121.7,312,188,26,5,117,95,-9999,38,17,44.0,27.5,57.8,30.2,6.1,8.5,9.3,4.7
GHCND:USC00058575,VAIL CO US,2531.1,39.6394,-106.3538,20100511,2,-7777,-7777,-7777,0,0,0,0,1,3,6,11,13,16,21,0.05,1.0,0.12,2.0,0.25,3.5,0.78,3.2,9.10,121.9,311,187,26,5,112,90,-9999,36,16,44.3,27.7,58.2,30.4,6.0,8.4,9.2,4.7
GHCND:USC00058575,VAIL CO US,2531.1,39.6394,-106.3538,20100512,2,-7777,-7777,-7777,0,0,0,0,1,3,6,10,12,15,20,0.05,-66.6,0.12,-66.6,0.25,-66.6,0.84,3.4,9.16,122.1,311,185,26,5,106,85,-9999,33,14,44.6,27.9,58.5,30.7,6.0,8.4,9.2,4.6
GHCND:USC00058575,VAIL CO US,2531.1,39.6394,-106.3538,20100513,2,-7777,-7777,-7777,0,0,0,0,1,2,6,10,12,15,20,0.05,-66.6,0.12,-66.6,0.25,-66.6,0.90,3.5,9.22,122.2,310,184,26,5,101,81,-9999,31,13,44.9,28.1,58.9,30.8,5.9,8.4,9.1,4.6
GHCND:USC00058575,VAIL CO US,2531.1,39.6394,-106.3538,20100514,2,1,-7777,-7777,0,0,0,0,1,2,5,10,12,15,20,0.05,-66.6,0.12,-66.6,0.25,-66.6,0.96,3.7,9.28,122.4,309,183,26,5,95,76,-9999,29,12,45.2,28.2,59.3,31.0,5.9,8.4,9.0,4.6
GHCND:USC00058575,VAIL CO US,2531.1,39.6394,-106.3538,20100515,3,1,-7777,-7777,0,0,0,0,1,2,5,10,12,15,20,0.05,-66.6,0.12,-66.6,0.25,-66.6,1.01,3.8,9.33,122.5,309,181,26,5,89,71,-9999,27,11,45.4,28.4,59.6,31.2,5.8,8.3,9.0,4.6
GHCND:USC00058575,VAIL CO US,2531.1,39.6394,-106.3538,20100516,3,1,-7777,-7777,0,0,0,0,1,2,5,9,11,14,19,0.05,-66.6,0.11,-66.6,0.25,-66.6,1.07,3.9,9.39,122.6,308,179,26,5,84,66,-9999,25,10,45.7,28.6,60.0,31.4,5.8,8.3,8.9,4.6
GHCND:USC00058575,VAIL CO US,2531.1,39.6394,-106.3538,20100517,3,1,-7777,-7777,0,0,0,0,1,2,5,9,11,14,19,0.05,-66.6,0.11,-66.6,0.25,-66.6,1.13,4.0,9.45,122.7,308,178,26,5,79,62,-9999,23,9,46.0,28.8,60.4,31.6,5.7,8.3,8.8,4.6
GHCND:USC00058575,VAIL CO US,2531.1,39.6394,-106.3538,20100518,3,1,-7777,-7777,0,0,0,0,1,2,5,9,11,14,19,0.05,-66.6,0.11,-66.6,0.26,-66.6,1.19,4.1,9.51,122.8,307,176,26,5,74,58,-9999,21,8,46.2,29.0,60.7,31.7,5.7,8.2,8.8,4.6
GHCND:USC00058575,VAIL CO US,2531.1,39.6394,-106.3538,20100519,3,1,-7777,-7777,0,0,0,0,-7777,2,4,9,11,14,19,0.05,-66.6,0.11,-66.6,0.26,-66.6,1.25,4.2,9.57,122.9,306,175,26,5,69,53,-9999,19,7,46.5,29.2,61.1,31.9,5.6,8.2,8.7,4.5
GHCND:USC00058575,VAIL CO US,2531.1,39.6394,-106.3538,20100520,3,1,-7777,-7777,0,0,0,0,-7777,2,4,8,10,13,18,0.04,-66.6,0.11,-66.6,0.26,-66.6,1.31,4.3,9.63,123.0,305,174,26,5,64,50,-9999,17,6,46.7,29.4,61.4,32.0,5.6,8.2,8.6,4.5
GHCND:USC00058575,VAIL CO US,2531.1,39.6394,-106.3538,20100521,3,1,-7777,-7777,0,0,0,0,-7777,1,4,8,10,13,18,0.04,-66.6,0.11,-66.6,0.26,-66.6,1.37,4.3,9.69,123.0,304,172,26,5,59,46,-9999,15,5,47.0,29.7,61.8,32.1,5.6,8.1,8.6,4.5
GHCND:USC00058575,VAIL CO US,2531.1,39.6394,-106.3538,20100522,3,1,-7777,-7777,0,0,0,0,-7777,1,4,8,10,13,18,0.04,-66.6,0.11,-66.6,0.26,-66.6,1.43,4.4,9.75,123.1,304,172,26,5,55,42,0,14,5,47.2,29.9,62.1,32.3,5.5,8.1,8.5,4.5
GHCND:USC00058575,VAIL CO US,2531.1,39.6394,-106.3538,20100523,4,1,-7777,-7777,-7777,0,0,0,-7777,1,4,8,10,13,18,0.04,-66.6,0.11,-66.6,0.26,-66.6,1.49,4.5,9.81,123.2,303,171,27,5,51,39,0,12,4,47.4,30.1,62.5,32.4,5.5,8.0,8.4,4.5
GHCND:USC00058575,VAIL CO US,2531.1,39.6394,-106.3538,20100524,4,1,-7777,-7777,-7777,0,0,0,-7777,1,3,7,9,12,17,0.04,-66.6,0.11,-66.6,0.26,-66.6,1.55,4.5,9.87,123.2,303,170,27,5,48,36,0,11,3,47.7,30.3,62.8,32.5,5.4,8.0,8.4,4.4
GHCND:USC00058575,VAIL CO US,2531.1,39.6394,-106.3538,20100525,4,1,-7777,-7777,-7777,0,0,0,-7777,1,3,7,9,12,17,0.04,-66.6,0.11,-66.6,0.27,-66.6,1.60,4.6,9.92,123.3,303,170,27,5,44,33,0,10,3,47.9,30.5,63.2,32.6,5.4,7.9,8.3,4.4
GHCND:USC00058575,VAIL CO US,2531.1,39.6394,-106.3538,20100526,4,1,-7777,-7777,-7777,0,0,0,-7777,1,3,7,9,12,17,0.04,-66.6,0.11,-66.6,0.27,-66.6,1.66,4.6,9.98,123.3,302,170,28,5,41,31,0,9,2,48.1,30.8,63.5,32.7,5.4,7.9,8.3,4.4
GHCND:USC00058575,VAIL CO US,2531.1,39.6394,-106.3538,20100527,4,1,-7777,-7777,-7777,0,0,0,-7777,1,3,7,9,12,17,0.04,-66.6,0.11,-66.6,0.27,-66.6,1.72,4.7,10.04,123.4,302,169,28,5,38,28,0,8,2,48.4,31.0,63.9,32.9,5.3,7.9,8.2,4.4
GHCND:USC00058575,VAIL CO US,2531.1,39.6394,-106.3538,20100528,4,1,-7777,-7777,-7777,0,0,0,-7777,1,3,7,8,11,16,0.04,-66.6,0.11,-66.6,0.27,-66.6,1.78,4.7,10.10,123.4,301,169,28,5,35,26,0,7,2,48.6,31.2,64.2,33.0,5.3,7.8,8.2,4.3
GHCND:USC00058575,VAIL CO US,2531.1,39.6394,-106.3538,20100529,5,1,-7777,-7777,-7777,0,0,0,-7777,1,3,6,8,11,16,0.04,-66.6,0.11,-66.6,0.27,-66.6,1.84,4.7,10.16,123.4,300,168,29,5,33,24,0,6,1,48.8,31.4,64.5,33.1,5.3,7.8,8.2,4.3
GHCND:USC00058575,VAIL CO US,2531.1,39.6394,-106.3538,20100530,5,1,-7777,-7777,-7777,0,0,0,-7777,1,2,6,8,11,16,0.04,-66.6,0.11,-66.6,0.27,-66.6,1.90,4.8,10.22,123.5,299,167,29,5,30,22,0,5,1,49.0,31.7,64.9,33.2,5.3,7.8,8.2,4.3
GHCND:USC00058575,VAIL CO US,2531.1,39.6394,-106.3538,20100531,5,2,-7777,-7777,-7777,0,0,0,-7777,1,2,6,8,11,16,0.04,-66.6,0.11,-66.6,0.27,-66.6,1.96,4.8,10.28,123.5,298,166,30,5,28,20,0,4,1,49.3,31.9,65.2,33.3,5.2,7.8,8.1,4.3
GHCND:USC00058575,VAIL CO US,2531.1,39.6394,-106.3538,20100601,5,2,-7777,-7777,-7777,0,0,0,-7777,1,2,6,8,11,16,0.04,-66.6,0.11,-66.6,0.27,-66.6,0.06,0.0,10.34,123.5,297,166,30,4,26,19,0,-9999,-9999,49.5,32.1,65.5,33.4,5.2,7.8,8.1,4.2
GHCND:USC00058575,VAIL CO US,2531.1,39.6394,-106.3538,20100602,5,2,-7777,-7777,-7777,0,0,0,-7777,1,2,6,7,10,15,0.04,-66.6,0.11,-66.6,0.27,-66.6,0.11,0.1,10.39,123.6,296,166,30,4,24,17,0,-9999,-9999,49.7,32.3,65.9,33.5,5.2,7.8,8.1,4.2
GHCND:USC00058575,VAIL CO US,2531.1,39.6394,-106.3538,20100603,5,2,-7777,-7777,-7777,0,0,0,-7777,1,2,6,7,10,15,0.04,-66.6,0.11,-66.6,0.27,-66.6,0.17,0.1,10.45,123.6,295,165,30,4,22,16,0,-9999,-9999,49.9,32.6,66.2,33.7,5.1,7.8,8.0,4.2
GHCND:USC00058575,VAIL CO US,2531.1,39.6394,-106.3538,20100604,6,2,-7777,-7777,-7777,0,0,0,-7777,-7777,2,5,7,10,15,0.04,-66.6,0.11,-66.6,0.27,-66.6,0.23,0.1,10.51,123.6,293,164,30,4,21,14,0,-9999,0,50.2,32.8,66.6,33.8,5.1,7.8,8.0,4.2
GHCND:USC00058575,VAIL CO US,2531.1,39.6394,-106.3538,20100605,6,2,1,-7777,-7777,0,0,0,-7777,-7777,2,5,7,10,15,0.04,-66.6,0.11,-66.6,0.27,-66.6,0.28,0.1,10.56,123.6,292,163,30,4,19,13,0,-9999,0,50.4,33.0,66.9,33.9,5.1,7.7,8.0,4.2
GHCND:USC00058575,VAIL CO US,2531.1,39.6394,-106.3538,20100606,6,2,1,-7777,-7777,0,0,0,-7777,-7777,2,5,7,9,14,0.04,-66.6,0.11,-66.6,0.27,-66.6,0.34,0.1,10.62,123.6,290,163,30,4,18,12,0,-9999,0,50.6,33.2,67.2,34.0,5.0,7.7,7.9,4.2
GHCND:USC00058575,VAIL CO US,2531.1,39.6394,-106.3538,20100607,6,3,1,-7777,-7777,0,0,0,-7777,-7777,2,5,6,9,14,0.04,-66.6,0.11,-66.6,0.27,-66.6,0.40,0.2,10.68,123.7,289,162,30,3,16,11,0,-9999,0,50.9,33.4,67.6,34.2,5.0,7.7,7.9,4.1
GHCND:USC00058575,VAIL CO US,2531.1,39.6394,-106.3538,20100608,6,3,1,-7777,-7777,0,0,0,-7777,-7777,2,4,6,9,14,0.04,-66.6,0.11,-66.6,0.27,-66.6,0.45,0.2,10.73,123.7,287,161,30,3,15,10,0,-9999,0,51.1,33.6,67.9,34.3,5.0,7.7,7.8,4.1
GHCND:USC00058575,VAIL CO US,2531.1,39.6394,-106.3538,20100609,7,3,1,-7777,-7777,-7777,0,0,-7777,-7777,2,4,6,9,14,0.04,-66.6,0.11,-66.6,0.27,-66.6,0.51,0.2,10.79,123.7,286,160,30,3,14,9,0,-9999,0,51.3,33.8,68.2,34.5,4.9,7.6,7.7,4.1
GHCND:USC00058575,VAIL CO US,2531.1,39.6394,-106.3538,20100610,7,3,1,-7777,-7777,-7777,0,0,-7777,-7777,1,4,6,8,13,0.04,-66.6,0.11,-66.6,0.27,-66.6,0.56,0.2,10.84,123.7,284,159,30,3,12,8,0,-9999,0,51.6,34.0,68.6,34.6,4.9,7.6,7.7,4.1
GHCND:USC00058575,VAIL CO US,2531.1,39.6394,-106.3538,20100611,7,3,1,-7777,-7777,-7777,0,0,-7777,-7777,1,4,5,8,13,0.04,-66.6,0.11,-66.6,0.27,-66.6,0.61,0.2,10.89,123.7,283,159,29,2,11,7,0,0,0,51.8,34.1,68.9,34.8,4.9,7.5,7.6,4.1
GHCND:USC00058575,VAIL CO US,2531.1,39.6394,-106.3538,20100612,7,3,1,-7777,-7777,-7777,0,0,-7777,-7777,1,4,5,8,13,0.04,-66.6,0.11,-66.6,0.27,-66.6,0.66,0.2,10.94,123.7,282,159,29,2,10,7,0,0,0,52.1,34.3,69.2,34.9,4.8,7.5,7.5,4.1
GHCND:USC00058575,VAIL CO US,2531.1,39.6394,-106.3538,20100613,8,4,1,-7777,-7777,-7777,0,0,-7777,-7777,1,3,5,8,13,0.04,-66.6,0.11,-66.6,0.27,-66.6,0.71,0.2,10.99,123.7,280,158,29,2,10,6,0,0,0,52.3,34.5,69.6,35.1,4.8,7.4,7.5,4.2
GHCND:USC00058575,VAIL CO US,2531.1,39.6394,-106.3538,20100614,8,4,1,-7777,-7777,-7777,0,0,-7777,-7777,1,3,5,7,12,0.04,-66.6,0.11,-66.6,0.27,-66.6,0.76,0.2,11.04,123.7,278,158,29,2,9,6,0,0,0,52.6,34.6,69.9,35.3,4.8,7.4,7.4,4.2
GHCND:USC00058575,VAIL CO US,2531.1,39.6394,-106.3538,20100615,8,4,1,-7777,-7777,-7777,0,0,-7777,-7777,1,3,4,7,12,0.04,-66.6,0.11,-66.6,0.27,-66.6,0.81,0.2,11.09,123.7,275,158,28,2,8,5,0,0,0,52.9,34.8,70.2,35.5,4.8,7.4,7.4,4.2
GHCND:USC00058575,VAIL CO US,2531.1,39.6394,-106.3538,20100616,8,4,1,-7777,-7777,-7777,0,0,-7777,-7777,1,3,4,7,12,0.04,-66.6,0.11,-66.6,0.26,-66.6,0.85,0.3,11.13,123.8,274,157,28,2,7,5,0,0,0,53.1,34.9,70.6,35.7,4.8,7.3,7.3,4.2
GHCND:USC00058575,VAIL CO US,2531.1,39.6394,-106.3538,20100617,9,4,1,-7777,-7777,-7777,0,0,-7777,-7777,1,3,4,7,12,0.04,-66.6,0.11,-66.6,0.26,-66.6,0.90,0.3,11.18,123.8,272,157,28,1,7,4,0,0,0,53.4,35.0,70.9,35.9,4.8,7.3,7.3,4.2
GHCND:USC00058575,VAIL CO US,2531.1,39.6394,-106.3538,20100618,9,4,1,-7777,-7777,-7777,0,0,-7777,-7777,1,2,4,6,11,0.05,-66.6,0.11,-66.6,0.26,-66.6,0.94,0.3,11.22,123.8,271,157,27,1,6,4,0,0,0,53.7,35.1,71.2,36.1,4.7,7.2,7.2,4.2
GHCND:USC00058575,VAIL CO US,2531.1,39.6394,-106.3538,20100619,9,4,1,-7777,-7777,-7777,0,0,-7777,-7777,1,2,4,6,11,0.05,-66.6,0.11,-66.6,0.26,-66.6,0.98,0.3,11.26,123.8,270,157,27,1,5,3,0,0,0,53.9,35.2,71.5,36.3,4.7,7.2,7.2,4.2
GHCND:USC00058575,VAIL CO US,2531.1,39.6394,-106.3538,20100620,9,5,1,1,-7777,-7777,0,0,-7777,-7777,1,2,3,6,11,0.05,-66.6,0.11,-66.6,0.25,-66.6,1.03,0.3,11.31,123.8,269,156,27,1,5,3,0,0,0,54.2,35.3,71.9,36.5,4.7,7.2,7.1,4.2
GHCND:USC00058575,VAIL CO US,2531.1,39.6394,-106.3538,20100621,10,5,1,1,-7777,-7777,0,0,-7777,-7777,-7777,2,3,6,11,0.05,-66.6,0.11,-66.6,0.25,-66.6,1.08,0.3,11.36,123.8,269,156,26,1,4,3,0,0,0,54.5,35.4,72.2,36.7,4.6,7.2,7.1,4.2
GHCND:USC00058575,VAIL CO US,2531.1,39.6394,-106.3538,20100622,10,5,1,1,-7777,-7777,0,0,-7777,-7777,-7777,2,3,5,10,0.05,-66.6,0.11,-66.6,0.25,-66.6,1.12,0.3,11.40,123.8,268,157,26,1,4,2,0,0,0,54.7,35.5,72.5,37.0,4.6,7.2,7.0,4.3
GHCND:USC00058575,VAIL CO US,2531.1,39.6394,-106.3538,20100623,10,5,2,1,-7777,-7777,0,0,-7777,-7777,-7777,2,3,5,10,0.05,-66.6,0.11,-66.6,0.25,-66.6,1.17,0.3,11.45,123.8,268,157,25,1,3,2,0,0,0,55.0,35.6,72.8,37.2,4.6,7.2,7.0,4.3
GHCND:USC00058575,VAIL CO US,2531.1,39.6394,-106.3538,20100624,10,6,2,1,-7777,-7777,0,0,-7777,-7777,-7777,1,3,5,10,0.05,-66.6,0.11,-66.6,0.24,-66.6,1.22,0.3,11.50,123.8,268,158,25,1,3,2,0,0,0,55.2,35.6,73.1,37.4,4.5,7.2,6.9,4.3
GHCND:USC00058575,VAIL CO US,2531.1,39.6394,-106.3538,20100625,11,6,2,1,-7777,-7777,0,0,-7777,-7777,-7777,1,2,5,9,0.05,-66.6,0.11,-66.6,0.24,-66.6,1.26,0.3,11.54,123.8,269,159,25,0,3,2,0,0,0,55.5,35.7,73.3,37.7,4.5,7.1,6.9,4.3
GHCND:USC00058575,VAIL CO US,2531.1,39.6394,-106.3538,20100626,11,6,2,1,-7777,-7777,0,0,-7777,-7777,-7777,1,2,5,9,0.05,-66.6,0.11,-66.6,0.24,-66.6,1.31,0.3,11.59,123.8,270,160,25,0,3,2,0,0,0,55.8,35.7,73.6,37.9,4.5,7.1,6.8,4.3
GHCND:USC00058575,VAIL CO US,2531.1,39.6394,-106.3538,20100627,11,6,2,1,-7777,-7777,0,0,-7777,-7777,-7777,1,2,4,9,0.05,-66.6,0.11,-66.6,0.24,-66.6,1.36,0.3,11.64,123.8,271,161,24,0,2,1,0,0,0,56.0,35.7,73.9,38.2,4.4,7.1,6.7,4.3
GHCND:USC00058575,VAIL CO US,2531.1,39.6394,-106.3538,20100628,11,7,2,1,-7777,-7777,0,0,-7777,-7777,-7777,1,2,4,9,0.05,-66.6,0.11,-66.6,0.24,-66.6,1.40,0.3,11.68,123.8,273,162,24,0,2,1,0,0,0,56.3,35.7,74.2,38.4,4.4,7.0,6.6,4.3
GHCND:USC00058575,VAIL CO US,2531.1,39.6394,-106.3538,20100629,12,7,3,1,1,-7777,0,0,-7777,-7777,-7777,1,2,4,9,0.05,-66.6,0.11,-66.6,0.24,-66.6,1.44,0.3,11.72,123.8,275,164,24,0,2,1,0,0,0,56.5,35.8,74.4,38.6,4.3,7.0,6.6,4.3
GHCND:USC00058575,VAIL CO US,2531.1,39.6394,-106.3538,20100630,12,7,3,2,1,-7777,0,0,-7777,-7777,-7777,1,2,4,8,0.05,-66.6,0.12,-66.6,0.24,-66.6,1.49,0.3,11.77,123.8,277,166,24,0,2,1,0,0,0,56.8,35.8,74.6,38.9,4.3,7.0,6.5,4.3
GHCND:USC00058575,VAIL CO US,2531.1,39.6394,-106.3538,20100701,12,7,3,2,1,-7777,0,0,-7777,-7777,-7777,1,2,4,8,0.05,-66.6,0.12,-66.6,0.24,-66.6,0.05,0.0,11.82,123.8,279,168,24,0,-9999,-9999,0,0,0,57.0,35.7,74.9,39.1,4.2,7.0,6.4,4.3
GHCND:USC00058575,VAIL CO US,2531.1,39.6394,-106.3538,20100702,12,7,3,2,1,-7777,0,0,-7777,-7777,-7777,1,2,3,8,0.05,-66.6,0.12,-66.6,0.24,-66.6,0.09,0.0,11.86,123.8,282,170,24,0,-9999,-9999,0,0,0,57.2,35.7,75.1,39.4,4.2,6.9,6.4,4.3
GHCND:USC00058575,VAIL CO US,2531.1,39.6394,-106.3538,20100703,12,8,3,2,1,-7777,0,0,-7777,-7777,-7777,1,1,3,8,0.05,-66.6,0.12,-66.6,0.24,-66.6,0.14,0.0,11.91,123.8,285,173,25,0,-9999,-9999,0,0,0,57.5,35.7,75.3,39.6,4.1,6.9,6.3,4.3
GHCND:USC00058575,VAIL CO US,2531.1,39.6394,-106.3538,20100704,13,8,3,2,1,-7777,0,0,-7777,-7777,-7777,1,1,3,7,0.05,-66.6,0.12,-66.6,0.24,-66.6,0.19,0.0,11.96,123.8,289,175,25,0,-9999,-9999,0,0,0,57.7,35.7,75.5,39.8,4.1,6.9,6.3,4.3
GHCND:USC00058575,VAIL CO US,2531.1,39.6394,-106.3538,20100705,13,8,4,2,1,-7777,0,0,-7777,-7777,-7777,1,1,3,7,0.05,-66.6,0.12,-66.6,0.24,-66.6,0.24,0.0,12.01,123.8,292,177,25,0,-9999,0,0,0,0,57.9,35.6,75.7,40.1,4.1,6.8,6.2,4.3
GHCND:USC00058575,VAIL CO US,2531.1,39.6394,-106.3538,20100706,13,8,4,2,1,-7777,0,0,-7777,-7777,-7777,1,1,3,7,0.05,-9999,0.12,-9999,0.24,-9999,0.29,0.0,12.06,123.8,295,180,25,0,0,0,0,0,0,58.1,35.6,75.9,40.3,4.1,6.8,6.2,4.3
GHCND:USC00058575,VAIL CO US,2531.1,39.6394,-106.3538,20100707,13,8,4,2,1,-7777,0,0,-7777,-7777,-7777,1,1,3,7,0.05,-9999,0.12,-9999,0.24,-9999,0.34,0.0,12.11,123.8,299,182,25,0,0,0,0,0,0,58.3,35.5,76.0,40.5,4.1,6.8,6.1,4.3
GHCND:USC00058575,VAIL CO US,2531.1,39.6394,-106.3538,20100708,13,9,4,2,1,-7777,0,0,-7777,-7777,-7777,-7777,1,2,7,0.05,-9999,0.12,-9999,0.24,-9999,0.39,0.0,12.16,123.8,302,185,25,0,0,0,0,0,0,58.4,35.4,76.2,40.7,4.0,6.8,6.1,4.3
GHCND:USC00058575,VAIL CO US,2531.1,39.6394,-106.3538,20100709,14,9,4,3,1,-7777,0,0,0,-7777,-7777,-7777,1,2,6,0.05,-9999,0.12,-9999,0.24,-9999,0.45,0.0,12.22,123.8,306,188,26,0,0,0,0,0,0,58.6,35.4,76.3,40.9,4.0,6.8,6.1,4.3
GHCND:USC00058575,VAIL CO US,2531.1,39.6394,-106.3538,20100710,14,9,4,3,1,-7777,0,0,0,-7777,-7777,-7777,1,2,6,0.05,-9999,0.12,-9999,0.24,-9999,0.50,0.0,12.27,123.8,309,190,26,1,0,0,0,0,0,58.8,35.3,76.4,41.1,4.0,6.8,6.1,4.3
GHCND:USC00058575,VAIL CO US,2531.1,39.6394,-106.3538,20100711,14,9,4,3,1,-7777,0,0,0,-7777,-7777,-7777,1,2,6,0.05,-9999,0.12,-9999,0.24,-9999,0.56,0.0,12.33,123.8,313,192,26,1,0,0,0,0,0,58.9,35.2,76.5,41.3,4.0,6.8,6.0,4.3
GHCND:USC00058575,VAIL CO US,2531.1,39.6394,-106.3538,20100712,14,9,4,3,1,-7777,0,0,0,-7777,-7777,-7777,1,2,6,0.05,-9999,0.12,-9999,0.24,-9999,0.62,0.0,12.39,123.8,317,194,26,1,0,0,0,0,0,59.1,35.1,76.6,41.5,4.0,6.8,6.0,4.3
GHCND:USC00058575,VAIL CO US,2531.1,39.6394,-106.3538,20100713,14,9,4,3,1,-7777,0,0,0,-7777,-7777,-7777,1,2,6,0.05,-9999,0.12,-9999,0.24,-9999,0.68,0.0,12.45,123.8,321,197,27,1,0,0,0,0,0,59.2,35.0,76.7,41.7,3.9,6.8,6.0,4.3
GHCND:USC00058575,VAIL CO US,2531.1,39.6394,-106.3538,20100714,14,9,4,3,1,-7777,0,0,0,-7777,-7777,-7777,1,2,6,0.05,-9999,0.12,-9999,0.24,-9999,0.74,0.0,12.51,123.8,326,199,27,1,0,0,0,0,0,59.3,35.0,76.8,41.8,3.9,6.8,5.9,4.3
GHCND:USC00058575,VAIL CO US,2531.1,39.6394,-106.3538,20100715,14,9,5,3,1,-7777,0,0,0,0,-7777,-7777,-7777,2,6,0.05,-9999,0.13,-9999,0.24,-9999,0.80,0.0,12.57,123.8,330,202,27,1,0,0,0,0,0,59.4,34.9,76.8,42.0,3.9,6.8,5.9,4.3
GHCND:USC00058575,VAIL CO US,2531.1,39.6394,-106.3538,20100716,14,9,5,3,1,-7777,0,0,0,0,-7777,-7777,-7777,2,6,0.05,-9999,0.13,-9999,0.24,-9999,0.87,0.0,12.64,123.8,334,204,27,1,0,0,0,0,0,59.5,34.8,76.9,42.1,3.8,6.8,5.8,4.3
GHCND:USC00058575,VAIL CO US,2531.1,39.6394,-106.3538,20100717,15,10,5,3,1,-7777,0,0,0,0,-7777,-7777,-7777,2,5,0.05,-9999,0.13,-9999,0.24,-9999,0.93,0.0,12.70,123.8,338,206,28,1,0,0,0,0,0,59.6,34.7,76.9,42.2,3.8,6.8,5.8,4.3
GHCND:USC00058575,VAIL CO US,2531.1,39.6394,-106.3538,20100718,15,10,5,3,1,-7777,0,0,0,0,-7777,-7777,-7777,2,5,0.05,-9999,0.13,-9999,0.24,-9999,1.00,0.0,12.77,123.8,342,208,28,1,0,0,0,0,0,59.6,34.6,76.9,42.4,3.8,6.8,5.7,4.3
GHCND:USC00058575,VAIL CO US,2531.1,39.6394,-106.3538,20100719,15,10,5,3,1,-7777,0,0,0,0,-7777,-7777,-7777,2,5,0.05,-9999,0.13,-9999,0.24,-9999,1.06,0.0,12.83,123.8,345,210,28,1,0,0,0,0,0,59.7,34.5,76.9,42.5,3.8,6.8,5.7,4.4
GHCND:USC00058575,VAIL CO US,2531.1,39.6394,-106.3538,20100720,15,10,5,3,1,-7777,0,0,0,0,-7777,-7777,-7777,2,5,0.05,-9999,0.13,-9999,0.24,-9999,1.13,0.0,12.90,123.8,348,212,28,1,0,0,0,0,0,59.8,34.4,76.9,42.6,3.7,6.8,5.6,4.4
GHCND:USC00058575,VAIL CO US,2531.1,39.6394,-106.3538,20100721,15,10,5,3,1,-7777,0,0,0,0,-7777,-7777,-7777,2,5,0.05,-9999,0.13,-9999,0.24,-9999,1.20,0.0,12.97,123.8,351,213,28,1,0,0,0,0,0,59.8,34.3,76.9,42.6,3.7,6.8,5.6,4.4
GHCND:USC00058575,VAIL CO US,2531.1,39.6394,-106.3538,20100722,15,10,5,3,1,-7777,0,0,0,0,-7777,-7777,-7777,2,5,0.05,-9999,0.12,-9999,0.24,-9999,1.26,0.0,13.03,123.8,354,214,28,1,0,0,0,0,0,59.8,34.2,76.9,42.7,3.7,6.8,5.5,4.4
GHCND:USC00058575,VAIL CO US,2531.1,39.6394,-106.3538,20100723,15,10,5,3,1,-7777,0,0,0,0,-7777,-7777,-7777,2,5,0.05,-9999,0.12,-9999,0.24,-9999,1.33,0.0,13.10,123.8,357,216,28,1,0,0,0,0,0,59.8,34.1,76.9,42.8,3.7,6.8,5.5,4.4
GHCND:USC00058575,VAIL CO US,2531.1,39.6394,-106.3538,20100724,15,10,5,3,1,-7777,0,0,0,0,-7777,-7777,-7777,2,5,0.05,-9999,0.12,-9999,0.25,-9999,1.40,0.0,13.17,123.8,359,217,29,1,0,0,0,0,0,59.8,34.0,76.8,42.8,3.6,6.8,5.5,4.4
GHCND:USC00058575,VAIL CO US,2531.1,39.6394,-106.3538,20100725,15,10,5,3,1,-7777,0,0,0,0,-7777,-7777,-7777,2,5,0.05,-9999,0.12,-9999,0.25,-9999,1.47,0.0,13.24,123.8,362,217,29,2,0,0,0,0,0,59.8,33.9,76.8,42.9,3.6,6.8,5.4,4.4
GHCND:USC00058575,VAIL CO US,2531.1,39.6394,-106.3538,20100726,15,10,5,3,1,-7777,0,0,0,0,-7777,-7777,-7777,2,5,0.05,-9999,0.12,-9999,0.25,-9999,1.54,0.0,13.31,123.8,364,218,29,2,0,0,0,0,0,59.8,33.8,76.7,42.9,3.6,6.7,5.4,4.4
GHCND:USC00058575,VAIL CO US,2531.1,39.6394,-106.3538,20100727,15,10,5,3,1,-7777,0,0,0,0,-7777,-7777,-7777,2,5,0.05,-9999,0.12,-9999,0.25,-9999,1.61,0.0,13.38,123.8,366,219,29,2,0,0,0,0,0,59.8,33.7,76.6,42.9,3.6,6.7,5.4,4.4
GHCND:USC00058575,VAIL CO US,2531.1,39.6394,-106.3538,20100728,15,10,5,3,1,-7777,0,0,0,0,-7777,-7777,-7777,2,5,0.05,-9999,0.12,-9999,0.25,-9999,1.68,0.0,13.45,123.8,368,219,29,2,0,0,0,0,0,59.7,33.6,76.5,42.9,3.6,6.7,5.4,4.4
GHCND:USC00058575,VAIL CO US,2531.1,39.6394,-106.3538,20100729,15,10,5,3,1,-7777,0,0,0,0,-7777,-7777,-7777,2,5,0.05,-9999,0.12,-9999,0.25,-9999,1.75,0.0,13.52,123.8,370,219,28,2,0,0,0,0,0,59.7,33.6,76.4,42.9,3.6,6.7,5.4,4.5
GHCND:USC00058575,VAIL CO US,2531.1,39.6394,-106.3538,20100730,15,10,5,3,1,-7777,0,0,0,0,-7777,-7777,1,2,5,0.05,-9999,0.12,-9999,0.25,-9999,1.82,0.0,13.59,123.8,371,219,28,2,0,0,0,0,0,59.6,33.5,76.3,42.9,3.6,6.7,5.4,4.5
GHCND:USC00058575,VAIL CO US,2531.1,39.6394,-106.3538,20100731,15,10,5,3,1,-7777,0,0,0,0,-7777,-7777,1,2,6,0.05,-9999,0.12,-9999,0.25,-9999,1.89,0.0,13.66,123.8,373,219,28,2,0,0,0,0,0,59.5,33.4,76.2,42.8,3.6,6.8,5.4,4.5
GHCND:USC00058575,VAIL CO US,2531.1,39.6394,-106.3538,20100801,14,9,5,3,1,-7777,0,0,0,0,-7777,-7777,1,2,6,0.05,-9999,0.12,-9999,0.25,-9999,0.07,0.0,13.73,123.8,374,219,28,2,0,0,0,0,0,59.4,33.3,76.1,42.8,3.6,6.8,5.4,4.5
GHCND:USC00058575,VAIL CO US,2531.1,39.6394,-106.3538,20100802,14,9,5,3,1,-7777,0,0,0,0,-7777,-7777,-7777,2,6,0.05,-9999,0.12,-9999,0.25,-9999,0.13,0.0,13.79,123.8,375,218,27,2,0,0,0,0,0,59.4,33.3,76.0,42.7,3.6,6.8,5.4,4.5
GHCND:USC00058575,VAIL CO US,2531.1,39.6394,-106.3538,20100803,14,9,4,3,1,-7777,0,0,0,0,-7777,-7777,1,2,6,0.05,-9999,0.12,-9999,0.24,-9999,0.20,0.0,13.86,123.8,375,218,27,2,0,0,0,0,0,59.3,33.2,75.9,42.7,3.6,6.8,5.4,4.5
GHCND:USC00058575,VAIL CO US,2531.1,39.6394,-106.3538,20100804,14,9,4,3,1,-7777,0,0,0,0,-7777,-7777,1,2,6,0.05,-9999,0.11,-9999,0.24,-9999,0.27,0.0,13.93,123.8,376,217,27,2,0,0,0,0,0,59.2,33.1,75.7,42.6,3.6,6.8,5.4,4.5
GHCND:USC00058575,VAIL CO US,2531.1,39.6394,-106.3538,20100805,14,9,4,3,1,-7777,0,0,0,0,-7777,-7777,1,2,6,0.05,-9999,0.11,-9999,0.24,-9999,0.34,0.0,14.00,123.8,377,216,26,2,0,0,0,0,0,59.0,33.1,75.6,42.5,3.6,6.8,5.4,4.5
GHCND:USC00058575,VAIL CO US,2531.1,39.6394,-106.3538,20100806,14,9,4,3,1,-7777,0,0,0,0,-7777,-7777,1,2,6,0.05,-9999,0.11,-9999,0.24,-9999,0.41,0.0,14.07,123.8,377,215,26,2,0,0,0,0,0,58.9,33.0,75.4,42.4,3.6,6.8,5.4,4.5
GHCND:USC00058575,VAIL CO US,2531.1,39.6394,-106.3538,20100807,14,9,4,3,1,-7777,0,0,0,0,-7777,-7777,1,2,6,0.05,-9999,0.11,-9999,0.24,-9999,0.48,0.0,14.14,123.8,377,213,25,2,0,0,0,0,0,58.8,33.0,75.3,42.3,3.6,6.9,5.4,4.5
GHCND:USC00058575,VAIL CO US,2531.1,39.6394,-106.3538,20100808,14,9,4,2,1,-7777,0,0,0,0,-7777,-7777,1,2,6,0.05,-9999,0.11,-9999,0.23,-9999,0.55,0.0,14.21,123.8,376,212,25,2,0,0,0,0,0,58.7,32.9,75.1,42.2,3.6,6.9,5.4,4.5
GHCND:USC00058575,VAIL CO US,2531.1,39.6394,-106.3538,20100809,14,9,4,2,1,-7777,0,0,0,0,-7777,-7777,1,2,7,0.05,-9999,0.11,-9999,0.23,-9999,0.62,0.0,14.28,123.8,376,210,25,2,0,0,0,0,0,58.5,32.9,75.0,42.1,3.7,6.9,5.4,4.5
GHCND:USC00058575,VAIL CO US,2531.1,39.6394,-106.3538,20100810,13,8,4,2,1,-7777,0,0,0,0,-7777,-7777,1,2,7,0.05,-9999,0.11,-9999,0.23,-9999,0.69,0.0,14.35,123.8,376,209,24,2,0,0,0,0,0,58.4,32.9,74.8,42.0,3.7,6.9,5.4,4.5
GHCND:USC00058575,VAIL CO US,2531.1,39.6394,-106.3538,20100811,13,8,4,2,1,-7777,0,0,0,0,-7777,-7777,1,2,7,0.04,-9999,0.11,-9999,0.23,-9999,0.75,0.0,14.41,123.8,376,207,24,2,0,0,0,0,0,58.2,32.8,74.7,41.8,3.7,6.9,5.4,4.5
GHCND:USC00058575,VAIL CO US,2531.1,39.6394,-106.3538,20100812,13,8,4,2,1,-7777,0,0,0,0,-7777,-7777,1,3,7,0.04,-9999,0.11,-9999,0.23,-9999,0.82,0.0,14.48,123.8,376,206,24,2,0,0,0,0,0,58.1,32.8,74.5,41.7,3.7,6.9,5.5,4.5
GHCND:USC00058575,VAIL CO US,2531.1,39.6394,-106.3538,20100813,13,8,3,2,1,-7777,0,0,0,0,-7777,-7777,1,3,7,0.04,-9999,0.10,-9999,0.23,-9999,0.89,0.0,14.55,123.8,376,204,24,2,0,0,0,0,0,57.9,32.8,74.3,41.5,3.7,6.9,5.5,4.5
GHCND:USC00058575,VAIL CO US,2531.1,39.6394,-106.3538,20100814,13,8,3,2,1,-7777,0,0,0,0,-7777,-7777,1,3,7,0.04,-9999,0.10,-9999,0.23,-9999,0.95,0.0,14.61,123.8,375,203,24,3,0,0,0,0,0,57.8,32.7,74.1,41.4,3.7,6.9,5.5,4.5
GHCND:USC00058575,VAIL CO US,2531.1,39.6394,-106.3538,20100815,13,8,3,2,1,-7777,0,0,0,0,-7777,1,1,3,7,0.04,-66.6,0.10,-66.6,0.23,-66.6,1.01,0.0,14.67,123.8,375,202,24,3,-9999,-9999,0,0,0,57.6,32.7,73.9,41.2,3.7,6.9,5.5,4.5
GHCND:USC00058575,VAIL CO US,2531.1,39.6394,-106.3538,20100816,12,7,3,2,1,-7777,0,0,-7777,0,-7777,1,1,3,8,0.04,-66.6,0.10,-66.6,0.22,-66.6,1.08,0.0,14.74,123.8,375,201,24,3,-9999,-9999,0,0,0,57.4,32.7,73.8,41.1,3.7,6.9,5.5,4.5
GHCND:USC00058575,VAIL CO US,2531.1,39.6394,-106.3538,20100817,12,7,3,2,1,-7777,0,0,-7777,0,-7777,1,1,3,8,0.04,-66.6,0.10,-66.6,0.22,-66.6,1.14,0.0,14.80,123.8,376,201,24,3,-9999,-9999,0,0,0,57.2,32.7,73.6,40.9,3.7,6.9,5.5,4.5
GHCND:USC00058575,VAIL CO US,2531.1,39.6394,-106.3538,20100818,12,7,3,2,-7777,-7777,0,0,-7777,-7777,-7777,1,1,3,8,0.04,-66.6,0.10,-66.6,0.22,-66.6,1.19,0.0,14.85,123.8,376,201,24,3,-9999,-9999,0,0,0,57.0,32.7,73.4,40.7,3.8,6.9,5.6,4.6
GHCND:USC00058575,VAIL CO US,2531.1,39.6394,-106.3538,20100819,12,7,3,1,-7777,-7777,0,0,-7777,-7777,-7777,1,2,4,8,0.04,-66.6,0.10,-66.6,0.22,-66.6,1.25,0.0,14.91,123.8,376,201,24,3,-9999,-9999,0,0,0,56.8,32.7,73.2,40.5,3.8,6.9,5.6,4.6
GHCND:USC00058575,VAIL CO US,2531.1,39.6394,-106.3538,20100820,12,7,2,1,-7777,-7777,0,0,-7777,-7777,-7777,1,2,4,8,0.04,-66.6,0.10,-66.6,0.22,-66.6,1.31,0.0,14.97,123.8,377,201,24,3,-9999,-9999,0,-9999,0,56.6,32.7,73.0,40.3,3.8,6.9,5.6,4.6
GHCND:USC00058575,VAIL CO US,2531.1,39.6394,-106.3538,20100821,11,7,2,1,-7777,-7777,0,0,-7777,-7777,-7777,1,2,4,9,0.04,-66.6,0.10,-66.6,0.22,-66.6,1.36,0.0,15.02,123.8,377,200,24,3,-9999,-9999,0,-9999,0,56.4,32.7,72.8,40.1,3.8,6.9,5.7,4.6
GHCND:USC00058575,VAIL CO US,2531.1,39.6394,-106.3538,20100822,11,6,2,1,-7777,-7777,0,0,-7777,-7777,-7777,1,2,4,9,0.04,-66.6,0.10,-66.6,0.22,-66.6,1.41,0.0,15.07,123.8,377,200,24,3,-9999,-9999,0,-9999,0,56.2,32.6,72.6,39.9,3.9,6.9,5.7,4.6
GHCND:USC00058575,VAIL CO US,2531.1,39.6394,-106.3538,20100823,11,6,2,1,-7777,-7777,0,0,-7777,-7777,-7777,1,2,4,9,0.04,-66.6,0.10,-66.6,0.22,-66.6,1.46,0.0,15.12,123.8,376,199,24,3,-9999,-9999,0,-9999,0,56.0,32.6,72.4,39.7,3.9,6.9,5.7,4.6
GHCND:USC00058575,VAIL CO US,2531.1,39.6394,-106.3538,20100824,11,6,2,1,-7777,-7777,0,0,-7777,-7777,-7777,1,2,4,9,0.04,-66.6,0.10,-66.6,0.22,-66.6,1.52,0.0,15.18,123.8,376,199,24,3,-9999,-9999,0,-9999,0,55.8,32.6,72.1,39.5,3.9,7.0,5.8,4.6
GHCND:USC00058575,VAIL CO US,2531.1,39.6394,-106.3538,20100825,11,6,2,1,-7777,-7777,0,0,-7777,-7777,-7777,1,2,5,9,0.04,-66.6,0.10,-66.6,0.22,-66.6,1.58,0.0,15.24,123.8,375,199,25,4,-9999,-9999,0,-9999,0,55.6,32.6,71.9,39.3,4.0,7.0,5.8,4.7
GHCND:USC00058575,VAIL CO US,2531.1,39.6394,-106.3538,20100826,10,6,2,1,-7777,-7777,0,0,-7777,-7777,-7777,1,2,5,10,0.04,-66.6,0.10,-66.6,0.22,-66.6,1.63,0.0,15.29,123.8,375,199,25,4,-9999,-9999,0,-9999,0,55.4,32.6,71.7,39.1,4.0,7.0,5.9,4.7
GHCND:USC00058575,VAIL CO US,2531.1,39.6394,-106.3538,20100827,10,5,2,1,-7777,-7777,0,0,-7777,-7777,-7777,1,3,5,10,0.04,-66.6,0.10,-66.6,0.22,-66.6,1.69,0.0,15.35,123.8,374,199,25,4,-9999,-9999,0,-9999,0,55.1,32.6,71.5,38.8,4.0,7.0,5.9,4.7
GHCND:USC00058575,VAIL CO US,2531.1,39.6394,-106.3538,20100828,10,5,1,1,-7777,-7777,0,0,-7777,-7777,-7777,2,3,5,10,0.04,-66.6,0.10,-66.6,0.22,-66.6,1.75,0.0,15.41,123.8,373,198,25,4,-9999,-9999,0,-9999,0,54.9,32.6,71.2,38.6,4.1,7.1,6.0,4.7
GHCND:USC00058575,VAIL CO US,2531.1,39.6394,-106.3538,20100829,10,5,1,1,-7777,-7777,0,0,-7777,-7777,-7777,2,3,5,10,0.04,-66.6,0.10,-66.6,0.22,-66.6,1.81,0.0,15.47,123.8,371,198,26,4,-9999,-9999,0,-9999,0,54.7,32.6,71.0,38.4,4.1,7.1,6.0,4.8
GHCND:USC00058575,VAIL CO US,2531.1,39.6394,-106.3538,20100830,9,5,1,1,-7777,-7777,0,0,-7777,-7777,-7777,2,3,6,11,0.04,-66.6,0.10,-66.6,0.22,-66.6,1.88,0.0,15.54,123.8,370,197,26,4,-9999,-9999,0,-9999,0,54.4,32.6,70.7,38.1,4.2,7.1,6.1,4.8
GHCND:USC00058575,VAIL CO US,2531.1,39.6394,-106.3538,20100831,9,5,1,1,-7777,-7777,0,0,-7777,-7777,-7777,2,3,6,11,0.04,-66.6,0.10,-66.6,0.22,-66.6,1.95,0.1,15.61,123.9,369,197,27,5,-9999,-9999,0,-9999,0,54.2,32.6,70.5,37.9,4.2,7.2,6.1,4.8
GHCND:USC00058575,VAIL CO US,2531.1,39.6394,-106.3538,20100901,9,4,1,-7777,-7777,-7777,0,0,-7777,-7777,-7777,2,4,6,11,0.04,-66.6,0.10,-66.6,0.22,-66.6,0.07,0.0,15.68,123.9,368,197,27,5,6,5,0,2,0,53.9,32.6,70.2,37.6,4.2,7.2,6.2,4.9
GHCND:USC00058575,VAIL CO US,2531.1,39.6394,-106.3538,20100902,9,4,1,-7777,-7777,-7777,0,0,-7777,-7777,1,2,4,6,11,0.04,-66.6,0.11,-66.6,0.22,-66.6,0.14,0.0,15.75,123.9,366,197,28,5,6,6,0,2,0,53.7,32.6,70.0,37.4,4.3,7.2,6.2,4.9
GHCND:USC00058575,VAIL CO US,2531.1,39.6394,-106.3538,20100903,9,4,1,-7777,-7777,-7777,0,0,-7777,-7777,1,3,4,7,12,0.04,-66.6,0.11,-66.6,0.23,-66.6,0.22,0.0,15.83,123.9,364,198,28,5,7,7,0,2,0,53.4,32.6,69.7,37.1,4.3,7.3,6.3,4.9
GHCND:USC00058575,VAIL CO US,2531.1,39.6394,-106.3538,20100904,8,4,1,-7777,-7777,-7777,0,0,-7777,-7777,1,3,4,7,12,0.04,-66.6,0.11,-66.6,0.23,-66.6,0.29,0.0,15.90,123.9,363,198,28,5,8,7,0,2,0,53.2,32.5,69.4,36.9,4.4,7.4,6.4,5.0
GHCND:USC00058575,VAIL CO US,2531.1,39.6394,-106.3538,20100905,8,4,1,-7777,-7777,0,0,0,-7777,-7777,1,3,4,7,12,0.04,-66.6,0.11,-66.6,0.23,-66.6,0.36,0.0,15.97,123.9,361,199,29,6,9,8,0,2,0,52.9,32.5,69.2,36.6,4.4,7.4,6.5,5.0
GHCND:USC00058575,VAIL CO US,2531.1,39.6394,-106.3538,20100906,8,3,1,-7777,-7777,0,0,0,-7777,-7777,1,3,5,7,12,0.04,-66.6,0.11,-66.6,0.23,-66.6,0.43,0.0,16.04,123.9,360,200,29,6,9,9,0,2,0,52.6,32.5,68.9,36.4,4.5,7.5,6.5,5.0
GHCND:USC00058575,VAIL CO US,2531.1,39.6394,-106.3538,20100907,7,3,1,-7777,-7777,0,0,0,-7777,-7777,1,3,5,8,13,0.04,-66.6,0.11,-66.6,0.24,-66.6,0.51,0.1,16.12,123.9,358,201,30,6,10,10,0,3,0,52.3,32.5,68.6,36.1,4.6,7.5,6.6,5.0
GHCND:USC00058575,VAIL CO US,2531.1,39.6394,-106.3538,20100908,7,3,1,-7777,-7777,0,0,0,-7777,-7777,1,4,5,8,13,0.04,-66.6,0.11,-66.6,0.24,-66.6,0.58,0.1,16.19,123.9,357,202,30,6,12,11,0,3,0,52.1,32.5,68.3,35.8,4.6,7.6,6.7,5.0
GHCND:USC00058575,VAIL CO US,2531.1,39.6394,-106.3538,20100909,7,3,1,-7777,-7777,0,0,0,-7777,-7777,1,4,5,8,13,0.04,-66.6,0.12,-66.6,0.24,-66.6,0.65,0.1,16.26,123.9,355,202,31,6,13,12,0,3,0,51.8,32.4,68.0,35.6,4.7,7.6,6.8,5.1
GHCND:USC00058575,VAIL CO US,2531.1,39.6394,-106.3538,20100910,7,3,1,-7777,-7777,0,0,0,-7777,-7777,1,4,6,9,14,0.04,-66.6,0.12,-66.6,0.25,-66.6,0.73,0.1,16.34,124.0,352,202,31,6,14,12,0,3,0,51.5,32.4,67.7,35.3,4.7,7.7,6.9,5.1
GHCND:USC00058575,VAIL CO US,2531.1,39.6394,-106.3538,20100911,6,3,-7777,-7777,-7777,0,0,0,-7777,-7777,1,4,6,9,14,0.04,-66.6,0.12,-66.6,0.25,-66.6,0.80,0.1,16.41,124.0,350,202,31,6,15,13,0,3,0,51.2,32.4,67.4,35.0,4.8,7.7,7.0,5.1
GHCND:USC00058575,VAIL CO US,2531.1,39.6394,-106.3538,20100912,6,2,-7777,-7777,-7777,0,0,0,-7777,-7777,2,5,6,9,14,0.04,-66.6,0.12,-66.6,0.25,-66.6,0.87,0.1,16.48,124.0,346,202,32,6,16,14,0,4,0,50.9,32.4,67.1,34.7,4.9,7.8,7.1,5.1
GHCND:USC00058575,VAIL CO US,2531.1,39.6394,-106.3538,20100913,6,2,-7777,-7777,-7777,0,0,0,-7777,-7777,2,5,7,9,14,0.04,-66.6,0.12,-66.6,0.25,-66.6,0.94,0.2,16.55,124.0,343,201,32,6,17,15,0,4,0,50.6,32.3,66.8,34.4,4.9,7.9,7.3,5.1
GHCND:USC00058575,VAIL CO US,2531.1,39.6394,-106.3538,20100914,6,2,-7777,-7777,-7777,0,0,0,-7777,-7777,2,5,7,10,15,0.04,-66.6,0.12,-66.6,0.26,-66.6,1.01,0.2,16.62,124.0,339,200,32,6,18,17,0,4,0,50.3,32.3,66.5,34.2,5.0,7.9,7.4,5.1
GHCND:USC00058575,VAIL CO US,2531.1,39.6394,-106.3538,20100915,6,2,-7777,-7777,-7777,0,0,0,-7777,1,2,5,7,10,15,0.04,-66.6,0.12,-66.6,0.26,-66.6,1.08,0.2,16.69,124.1,334,198,32,6,20,18,0,5,0,50.0,32.2,66.1,33.9,5.0,8.0,7.5,5.1
GHCND:USC00058575,VAIL CO US,2531.1,39.6394,-106.3538,20100916,5,2,-7777,-7777,-7777,0,0,0,-7777,1,2,6,7,10,15,0.04,-66.6,0.12,-66.6,0.26,-66.6,1.15,0.2,16.76,124.1,330,196,32,6,21,19,0,5,0,49.7,32.2,65.8,33.6,5.1,8.1,7.6,5.1
GHCND:USC00058575,VAIL CO US,2531.1,39.6394,-106.3538,20100917,5,2,-7777,-7777,-7777,0,0,0,-7777,1,2,6,8,11,16,0.04,-66.6,0.12,-66.6,0.26,-66.6,1.22,0.3,16.83,124.1,325,195,32,6,23,21,0,6,0,49.4,32.2,65.5,33.3,5.2,8.1,7.7,5.1
GHCND:USC00058575,VAIL CO US,2531.1,39.6394,-106.3538,20100918,5,2,-7777,-7777,-7777,0,0,0,-7777,1,2,6,8,11,16,0.04,-66.6,0.13,-66.6,0.27,-66.6,1.30,0.3,16.91,124.1,320,193,32,6,24,22,0,6,0,49.1,32.1,65.1,33.0,5.2,8.2,7.8,5.2
GHCND:USC00058575,VAIL CO US,2531.1,39.6394,-106.3538,20100919,5,1,-7777,-7777,-7777,0,0,0,-7777,1,3,6,8,11,16,0.04,-66.6,0.13,-66.6,0.27,-66.6,1.37,0.3,16.98,124.2,315,191,32,6,26,23,0,6,0,48.8,32.0,64.8,32.7,5.3,8.3,7.9,5.2
GHCND:USC00058575,VAIL CO US,2531.1,39.6394,-106.3538,20100920,4,1,-7777,-7777,-7777,0,0,0,-7777,1,3,7,9,12,17,0.04,-66.6,0.13,-66.6,0.27,-66.6,1.44,0.4,17.05,124.2,310,189,32,6,28,25,0,7,0,48.4,32.0,64.4,32.5,5.3,8.3,8.0,5.2
GHCND:USC00058575,VAIL CO US,2531.1,39.6394,-106.3538,20100921,4,1,-7777,-7777,-7777,0,0,0,-7777,1,3,7,9,12,17,0.04,-66.6,0.13,-66.6,0.28,-66.6,1.52,0.4,17.13,124.3,305,187,32,6,30,26,0,7,0,48.1,31.9,64.1,32.2,5.4,8.4,8.1,5.2
GHCND:USC00058575,VAIL CO US,2531.1,39.6394,-106.3538,20100922,4,1,-7777,-7777,-7777,0,0,0,-7777,1,3,7,9,12,17,0.04,-66.6,0.13,-66.6,0.28,-66.6,1.60,0.4,17.21,124.3,300,185,32,6,31,28,0,8,0,47.8,31.9,63.7,31.9,5.4,8.5,8.2,5.2
GHCND:USC00058575,VAIL CO US,2531.1,39.6394,-106.3538,20100923,4,1,-7777,-7777,-7777,0,0,0,-7777,1,4,8,10,13,18,0.04,-66.6,0.13,-66.6,0.28,-66.6,1.67,0.5,17.28,124.3,295,183,32,5,33,29,0,8,0,47.5,31.8,63.4,31.6,5.4,8.6,8.3,5.2
GHCND:USC00058575,VAIL CO US,2531.1,39.6394,-106.3538,20100924,4,1,-7777,-7777,-7777,0,0,0,-7777,1,4,8,10,13,18,0.05,-66.6,0.14,-66.6,0.29,-66.6,1.74,0.5,17.35,124.4,289,181,32,5,35,31,0,9,0,47.2,31.7,63.0,31.3,5.5,8.7,8.4,5.2
GHCND:USC00058575,VAIL CO US,2531.1,39.6394,-106.3538,20100925,3,1,-7777,-7777,0,0,0,0,-7777,2,4,8,10,13,18,0.05,-66.6,0.14,-66.6,0.29,-66.6,1.81,0.6,17.42,124.4,284,179,33,5,37,33,0,10,0,46.8,31.6,62.7,31.0,5.5,8.7,8.5,5.2
GHCND:USC00058575,VAIL CO US,2531.1,39.6394,-106.3538,20100926,3,1,-7777,-7777,0,0,0,0,1,2,4,9,10,13,18,0.05,-66.6,0.14,-66.6,0.29,-66.6,1.88,0.6,17.49,124.5,280,177,33,5,39,34,0,11,-9999,46.5,31.6,62.3,30.7,5.5,8.8,8.5,5.2
GHCND:USC00058575,VAIL CO US,2531.1,39.6394,-106.3538,20100927,3,1,-7777,-7777,0,0,0,0,1,2,4,9,11,14,19,0.05,-66.6,0.14,-66.6,0.30,-66.6,1.94,0.7,17.55,124.6,275,175,33,5,41,36,0,12,-9999,46.2,31.5,61.9,30.5,5.6,8.9,8.6,5.3
GHCND:USC00058575,VAIL CO US,2531.1,39.6394,-106.3538,20100928,3,1,-7777,-7777,0,0,0,0,1,2,5,9,11,14,19,0.05,-66.6,0.15,-66.6,0.30,-66.6,2.00,0.8,17.61,124.6,271,174,33,5,44,38,0,13,-9999,45.9,31.4,61.5,30.2,5.6,8.9,8.7,5.3
GHCND:USC00058575,VAIL CO US,2531.1,39.6394,-106.3538,20100929,3,1,-7777,-7777,0,0,0,0,1,2,5,9,11,14,19,0.05,-66.6,0.15,-66.6,0.30,-66.6,2.06,0.8,17.67,124.7,267,172,33,5,46,40,0,14,-9999,45.5,31.3,61.2,29.9,5.6,9.0,8.8,5.3
GHCND:USC00058575,VAIL CO US,2531.1,39.6394,-106.3538,20100930,2,-7777,-7777,-7777,0,0,0,0,1,2,5,10,12,15,20,0.05,-66.6,0.15,-66.6,0.31,-66.6,2.12,0.9,17.73,124.8,263,171,33,5,48,42,0,15,-9999,45.2,31.2,60.8,29.6,5.7,9.1,8.8,5.3
GHCND:USC00058575,VAIL CO US,2531.1,39.6394,-106.3538,20101001,2,-7777,-7777,-7777,0,0,0,0,1,2,6,10,12,15,20,0.05,-66.6,0.15,-66.6,0.31,-66.6,0.06,0.1,17.79,124.8,259,170,33,5,51,44,0,16,2,44.9,31.1,60.4,29.3,5.7,9.1,8.9,5.3
GHCND:USC00058575,VAIL CO US,2531.1,39.6394,-106.3538,20101002,2,-7777,-7777,-7777,0,0,0,0,1,2,6,10,12,15,20,0.05,-66.6,0.15,-66.6,0.31,-66.6,0.11,0.1,17.84,124.9,256,168,33,4,53,46,0,17,2,44.5,31.0,60.0,29.1,5.8,9.2,9.0,5.3
GHCND:USC00058575,VAIL CO US,2531.1,39.6394,-106.3538,20101003,2,-7777,-7777,-7777,0,0,0,0,1,3,6,11,13,16,21,0.05,-66.6,0.16,-66.6,0.32,-66.6,0.16,0.2,17.89,125.0,253,167,33,4,56,49,0,19,2,44.2,30.8,59.6,28.8,5.8,9.2,9.0,5.3
GHCND:USC00058575,VAIL CO US,2531.1,39.6394,-106.3538,20101004,2,-7777,-7777,-7777,0,0,0,0,1,3,6,11,13,16,21,0.05,-66.6,0.16,-66.6,0.32,-66.6,0.21,0.3,17.94,125.1,250,165,33,4,59,51,1,20,3,43.9,30.7,59.2,28.5,5.8,9.2,9.1,5.4
GHCND:USC00058575,VAIL CO US,2531.1,39.6394,-106.3538,20101005,1,-7777,-7777,-7777,0,0,0,0,1,3,7,11,13,16,21,0.05,-66.6,0.16,-66.6,0.32,-66.6,0.26,0.4,17.99,125.2,246,164,33,4,62,54,1,22,3,43.5,30.6,58.8,28.2,5.9,9.3,9.1,5.4
GHCND:USC00058575,VAIL CO US,2531.1,39.6394,-106.3538,20101006,1,-7777,-7777,-7777,0,0,0,0,1,3,7,12,14,17,22,0.05,-66.6,0.16,-66.6,0.32,-66.6,0.31,0.5,18.04,125.3,243,162,33,4,65,57,1,23,4,43.2,30.5,58.4,27.9,5.9,9.3,9.1,5.4
GHCND:USC00058575,VAIL CO US,2531.1,39.6394,-106.3538,20101007,1,-7777,-7777,-7777,0,0,0,0,1,3,7,12,14,17,22,0.06,-66.6,0.16,-66.6,0.32,-66.6,0.36,0.6,18.09,125.4,240,161,33,4,69,60,1,24,4,42.8,30.3,58.0,27.7,5.9,9.3,9.2,5.4
GHCND:USC00058575,VAIL CO US,2531.1,39.6394,-106.3538,20101008,1,-7777,-7777,0,0,0,0,0,1,4,8,13,15,18,23,0.06,-66.6,0.16,-66.6,0.32,-66.6,0.41,0.7,18.14,125.5,237,159,33,4,72,62,1,26,5,42.5,30.2,57.6,27.4,5.9,9.3,9.2,5.5
GHCND:USC00058575,VAIL CO US,2531.1,39.6394,-106.3538,20101009,1,-7777,-7777,0,0,0,0,0,1,4,8,13,15,18,23,0.06,-66.6,0.16,-66.6,0.32,-66.6,0.46,0.9,18.19,125.6,235,158,33,4,75,66,1,28,5,42.1,30.0,57.1,27.1,6.0,9.3,9.3,5.5
GHCND:USC00058575,VAIL CO US,2531.1,39.6394,-106.3538,20101010,1,-7777,-7777,0,0,0,0,0,2,4,8,13,15,18,23,0.06,-66.6,0.16,-66.6,0.33,-66.6,0.51,1.0,18.24,125.8,233,157,33,4,79,69,1,29,6,41.8,29.9,56.7,26.9,6.0,9.3,9.3,5.5
GHCND:USC00058575,VAIL CO US,2531.1,39.6394,-106.3538,20101011,1,-7777,-7777,0,0,0,0,0,2,4,9,14,16,19,24,0.06,-66.6,0.17,-66.6,0.33,-66.6,0.56,1.2,18.29,125.9,231,157,33,4,83,72,2,31,7,41.4,29.7,56.3,26.6,6.1,9.3,9.3,5.6
GHCND:USC00058575,VAIL CO US,2531.1,39.6394,-106.3538,20101012,1,-7777,-7777,0,0,0,0,0,2,5,9,14,16,19,24,0.06,-66.6,0.17,-66.6,0.33,-66.6,0.62,1.3,18.35,126.1,230,157,33,4,87,76,2,33,7,41.1,29.5,55.8,26.3,6.1,9.3,9.4,5.6
GHCND:USC00058575,VAIL CO US,2531.1,39.6394,-106.3538,20101013,1,-7777,-7777,0,0,0,0,0,2,5,9,14,16,19,24,0.06,-66.6,0.17,-66.6,0.33,-66.6,0.68,1.5,18.41,126.2,230,157,33,4,92,80,2,35,8,40.7,29.4,55.4,26.0,6.2,9.3,9.4,5.7
GHCND:USC00058575,VAIL CO US,2531.1,39.6394,-106.3538,20101014,1,-7777,-7777,0,0,0,0,0,2,5,10,15,17,20,25,0.06,-66.6,0.17,-66.6,0.33,-66.6,0.73,1.6,18.46,126.4,231,157,34,4,97,84,2,37,10,40.3,29.2,54.9,25.7,6.2,9.3,9.4,5.8
GHCND:USC00058575,VAIL CO US,2531.1,39.6394,-106.3538,20101015,-7777,-7777,-7777,0,0,0,0,0,2,6,10,15,17,20,25,0.06,-66.6,0.17,-66.6,0.33,-66.6,0.79,1.8,18.52,126.6,231,158,34,4,102,88,3,39,11,40.0,29.0,54.5,25.5,6.3,9.3,9.5,5.8
GHCND:USC00058575,VAIL CO US,2531.1,39.6394,-106.3538,20101016,-7777,-7777,0,0,0,0,0,0,3,6,10,15,17,20,25,0.06,-66.6,0.17,-66.6,0.33,-66.6,0.84,2.0,18.57,126.7,232,159,34,4,108,93,3,41,12,39.6,28.8,54.0,25.2,6.3,9.3,9.5,5.9
GHCND:USC00058575,VAIL CO US,2531.1,39.6394,-106.3538,20101017,-7777,-7777,0,0,0,0,0,0,3,6,11,16,18,21,26,0.06,-66.6,0.17,-66.6,0.33,-66.6,0.90,2.1,18.63,126.9,233,160,34,4,113,98,3,44,13,39.2,28.6,53.5,24.9,6.4,9.3,9.5,6.0
GHCND:USC00058575,VAIL CO US,2531.1,39.6394,-106.3538,20101018,-7777,-7777,0,0,0,0,0,0,3,7,11,16,18,21,26,0.06,1.0,0.17,2.0,0.33,4.0,0.96,2.4,18.69,127.1,234,161,34,4,119,103,3,46,15,38.8,28.4,53.0,24.6,6.4,9.2,9.5,6.0
GHCND:USC00058575,VAIL CO US,2531.1,39.6394,-106.3538,20101019,-7777,-7777,0,0,0,0,0,0,3,7,12,17,19,22,27,0.07,1.0,0.17,2.0,0.33,4.0,1.02,2.7,18.75,127.4,236,162,34,4,125,108,4,49,17,38.4,28.2,52.5,24.3,6.5,9.2,9.6,6.1
GHCND:USC00058575,VAIL CO US,2531.1,39.6394,-106.3538,20101020,-7777,-7777,0,0,0,0,0,0,3,7,12,17,19,22,27,0.07,1.0,0.17,2.0,0.33,4.0,1.08,2.9,18.81,127.7,238,164,34,4,131,114,4,52,18,38.0,28.0,52.0,24.0,6.6,9.2,9.6,6.2
GHCND:USC00058575,VAIL CO US,2531.1,39.6394,-106.3538,20101021,-7777,-7777,0,0,0,0,0,0,4,8,12,17,19,22,27,0.07,1.0,0.17,2.0,0.33,4.0,1.14,3.2,18.87,128.0,241,166,34,4,138,120,4,55,20,37.6,27.8,51.5,23.7,6.6,9.1,9.6,6.3
GHCND:USC00058575,VAIL CO US,2531.1,39.6394,-106.3538,20101022,-7777,-7777,0,0,0,0,0,0,4,8,13,18,20,23,28,0.07,1.0,0.17,2.0,0.33,4.0,1.20,3.5,18.93,128.3,244,168,34,4,144,126,4,58,21,37.2,27.6,51.0,23.4,6.7,9.1,9.6,6.3
GHCND:USC00058575,VAIL CO US,2531.1,39.6394,-106.3538,20101023,-7777,-7777,0,0,0,0,0,0,4,8,13,18,20,23,28,0.07,1.0,0.17,2.0,0.33,4.0,1.26,3.8,18.99,128.6,246,169,34,4,151,131,5,60,23,36.8,27.3,50.5,23.1,6.8,9.1,9.7,6.4
GHCND:USC00058575,VAIL CO US,2531.1,39.6394,-106.3538,20101024,-7777,-7777,0,0,0,0,0,0,5,9,14,19,21,24,29,0.07,1.0,0.17,2.0,0.33,4.0,1.32,4.2,19.05,128.9,249,170,34,4,157,137,5,63,24,36.4,27.1,49.9,22.8,6.9,9.0,9.7,6.5
GHCND:USC00058575,VAIL CO US,2531.1,39.6394,-106.3538,20101025,-7777,-7777,0,0,0,0,0,0,5,9,14,19,21,24,29,0.07,1.0,0.17,2.0,0.33,4.0,1.38,4.5,19.11,129.3,253,172,33,4,164,143,5,65,26,36.0,26.9,49.4,22.5,6.9,9.0,9.7,6.6
GHCND:USC00058575,VAIL CO US,2531.1,39.6394,-106.3538,20101026,-7777,-7777,0,0,0,0,0,0,5,10,14,19,21,24,29,0.07,1.0,0.17,2.0,0.33,4.0,1.45,4.9,19.18,129.7,256,173,33,4,170,149,5,68,28,35.5,26.6,48.8,22.2,7.0,9.0,9.7,6.7
GHCND:USC00058575,VAIL CO US,2531.1,39.6394,-106.3538,20101027,-7777,-7777,0,0,0,0,0,0,6,10,15,20,22,25,30,0.07,1.0,0.16,2.0,0.33,4.0,1.52,5.3,19.25,130.1,259,175,33,3,177,155,5,70,30,35.1,26.4,48.3,21.9,7.1,8.9,9.7,6.8
GHCND:USC00058575,VAIL CO US,2531.1,39.6394,-106.3538,20101028,-7777,-7777,0,0,0,0,0,0,6,10,15,20,22,25,30,0.07,1.0,0.16,2.0,0.32,4.0,1.58,5.8,19.31,130.5,262,176,32,3,184,161,6,72,31,34.6,26.1,47.7,21.6,7.2,8.9,9.8,6.9
GHCND:USC00058575,VAIL CO US,2531.1,39.6394,-106.3538,20101029,-7777,-7777,0,0,0,0,0,0,6,11,16,21,23,26,31,0.07,1.0,0.16,2.0,0.32,4.0,1.65,6.2,19.38,131.0,266,177,32,3,191,167,6,75,33,34.2,25.9,47.1,21.2,7.2,8.8,9.8,7.0
GHCND:USC00058575,VAIL CO US,2531.1,39.6394,-106.3538,20101030,-7777,-7777,0,0,0,0,0,0,7,11,16,21,23,26,31,0.07,1.0,0.16,2.0,0.32,4.0,1.72,6.7,19.45,131.5,270,178,32,3,198,173,6,77,35,33.7,25.7,46.6,20.9,7.3,8.8,9.8,7.1
GHCND:USC00058575,VAIL CO US,2531.1,39.6394,-106.3538,20101031,-7777,0,0,0,0,0,0,0,7,12,17,22,24,27,32,0.07,1.0,0.16,2.0,0.32,4.0,1.79,7.2,19.52,132.0,274,180,31,3,206,180,6,80,37,33.3,25.4,46.0,20.6,7.4,8.7,9.8,7.2
GHCND:USC00058575,VAIL CO US,2531.1,39.6394,-106.3538,20101101,-7777,-7777,0,0,0,0,0,0,8,12,17,22,24,27,32,0.06,1.0,0.15,2.0,0.32,4.0,0.07,0.8,19.59,132.7,278,181,31,-9999,213,187,7,83,39,32.8,25.2,45.4,20.2,7.4,8.7,9.8,7.3
GHCND:USC00058575,VAIL CO US,2531.1,39.6394,-106.3538,20101102,-7777,-7777,0,0,0,0,0,0,8,13,18,23,25,28,33,0.06,1.0,0.15,2.0,0.31,4.0,0.15,1.5,19.67,133.5,281,183,31,-9999,221,193,7,85,40,32.3,24.9,44.8,19.9,7.5,8.6,9.8,7.4
GHCND:USC00058575,VAIL CO US,2531.1,39.6394,-106.3538,20101103,-7777,-7777,0,0,0,0,0,0,8,13,18,23,25,28,33,0.06,1.0,0.15,2.0,0.31,4.0,0.22,2.4,19.74,134.3,285,184,30,-9999,228,199,7,87,42,31.8,24.7,44.2,19.5,7.5,8.6,9.8,7.5
GHCND:USC00058575,VAIL CO US,2531.1,39.6394,-106.3538,20101104,-7777,-7777,0,0,0,0,0,0,9,14,19,24,26,29,34,0.06,1.0,0.15,2.0,0.31,4.0,0.29,3.2,19.81,135.2,289,185,30,-9999,235,205,7,90,43,31.4,24.4,43.6,19.2,7.6,8.5,9.8,7.6
GHCND:USC00058575,VAIL CO US,2531.1,39.6394,-106.3538,20101105,-7777,-7777,0,0,0,0,0,0,9,14,19,24,26,29,34,0.06,1.0,0.15,2.0,0.31,4.0,0.36,4.1,19.88,136.1,293,186,29,-9999,242,211,7,92,45,30.9,24.2,42.9,18.8,7.7,8.5,9.8,7.7
GHCND:USC00058575,VAIL CO US,2531.1,39.6394,-106.3538,20101106,-7777,-7777,0,0,0,0,0,0,10,15,20,25,27,30,35,0.06,1.0,0.14,2.0,0.30,4.0,0.43,4.9,19.95,136.9,297,188,29,-9999,249,217,7,94,46,30.4,23.9,42.3,18.4,7.7,8.4,9.8,7.8
GHCND:USC00058575,VAIL CO US,2531.1,39.6394,-106.3538,20101107,-7777,-7777,0,0,0,0,0,0,10,15,20,25,27,30,35,0.06,1.0,0.14,2.0,0.30,4.0,0.50,5.8,20.02,137.7,301,189,29,-9999,256,222,8,96,48,29.9,23.7,41.7,18.1,7.8,8.4,9.8,7.8
GHCND:USC00058575,VAIL CO US,2531.1,39.6394,-106.3538,20101108,-7777,-7777,0,0,0,0,0,0,11,16,21,26,28,31,36,0.06,1.0,0.14,2.0,0.30,4.0,0.57,6.7,20.09,138.6,305,190,29,-9999,262,228,8,98,49,29.4,23.4,41.1,17.7,7.9,8.3,9.8,7.9
GHCND:USC00058575,VAIL CO US,2531.1,39.6394,-106.3538,20101109,-7777,0,0,0,0,0,0,0,11,16,21,26,28,31,36,0.06,1.0,0.14,2.0,0.29,4.0,0.64,7.6,20.16,139.6,309,192,28,-9999,269,234,8,101,51,28.9,23.2,40.5,17.3,7.9,8.3,9.8,8.0
GHCND:USC00058575,VAIL CO US,2531.1,39.6394,-106.3538,20101110,-7777,0,0,0,0,0,0,0,12,17,22,27,29,32,37,0.06,1.0,0.13,2.0,0.29,4.0,0.71,8.5,20.23,140.5,313,193,28,-9999,275,239,8,102,52,28.4,22.9,39.9,16.9,7.9,8.2,9.8,8.1
GHCND:USC00058575,VAIL CO US,2531.1,39.6394,-106.3538,20101111,-7777,0,0,0,0,0,0,0,12,17,22,27,29,32,37,0.06,1.0,0.13,2.0,0.29,4.0,0.78,9.5,20.30,141.5,316,194,27,-9999,280,244,8,104,53,27.9,22.7,39.3,16.6,8.0,8.1,9.7,8.2
GHCND:USC00058575,VAIL CO US,2531.1,39.6394,-106.3538,20101112,-7777,0,0,0,0,0,0,0,13,18,23,28,30,33,38,0.06,1.0,0.13,2.0,0.28,4.0,0.85,10.5,20.37,142.5,319,194,26,-9999,285,248,8,105,53,27.4,22.5,38.7,16.2,8.0,8.1,9.7,8.2
GHCND:USC00058575,VAIL CO US,2531.1,39.6394,-106.3538,20101113,0,0,0,0,0,0,0,0,13,18,23,28,30,33,38,0.06,1.0,0.13,2.0,0.28,4.0,0.92,11.6,20.44,143.6,322,195,26,-9999,290,252,8,107,54,26.9,22.3,38.1,15.8,8.0,8.0,9.7,8.3
GHCND:USC00058575,VAIL CO US,2531.1,39.6394,-106.3538,20101114,0,0,0,0,0,0,0,0,14,19,24,29,31,34,39,0.06,1.0,0.12,2.0,0.28,4.0,0.99,12.7,20.51,144.7,325,195,25,-9999,294,256,8,108,54,26.4,22.0,37.5,15.4,8.1,8.0,9.6,8.4
GHCND:USC00058575,VAIL CO US,2531.1,39.6394,-106.3538,20101115,0,0,0,0,0,0,0,0,14,19,24,29,31,34,39,0.05,1.0,0.12,2.0,0.27,4.0,1.06,13.8,20.58,145.8,328,196,25,-9999,298,260,8,109,55,25.9,21.8,36.9,15.0,8.1,8.0,9.6,8.4
GHCND:USC00058575,VAIL CO US,2531.1,39.6394,-106.3538,20101116,0,0,0,0,0,0,0,0,15,20,25,30,32,35,40,0.05,1.0,0.12,2.0,0.27,4.0,1.13,14.9,20.65,146.9,330,196,24,-9999,302,263,8,110,55,25.5,21.6,36.3,14.6,8.1,7.9,9.6,8.5
GHCND:USC00058575,VAIL CO US,2531.1,39.6394,-106.3538,20101117,0,0,0,0,0,0,0,0,15,20,25,30,32,35,40,0.05,1.0,0.12,2.0,0.27,3.9,1.19,15.9,20.71,147.9,332,196,24,-9999,306,266,8,111,55,25.0,21.4,35.7,14.3,8.2,7.9,9.5,8.6
GHCND:USC00058575,VAIL CO US,2531.1,39.6394,-106.3538,20101118,0,0,0,0,0,0,0,0,15,20,25,30,32,35,40,0.05,1.0,0.12,2.0,0.26,3.9,1.25,16.9,20.77,148.9,335,196,24,-9999,310,269,8,112,56,24.5,21.3,35.2,13.9,8.2,7.8,9.5,8.6
GHCND:USC00058575,VAIL CO US,2531.1,39.6394,-106.3538,20101119,0,0,0,0,0,0,0,0,16,21,26,31,33,36,41,0.05,1.0,0.12,2.0,0.26,3.9,1.31,17.9,20.83,149.9,337,196,23,-9999,314,271,8,112,56,24.1,21.1,34.6,13.5,8.2,7.8,9.4,8.7
GHCND:USC00058575,VAIL CO US,2531.1,39.6394,-106.3538,20101120,0,0,0,0,0,0,0,0,16,21,26,31,33,36,41,0.05,1.0,0.12,2.0,0.26,3.9,1.36,18.9,20.88,150.9,339,196,23,-9999,317,274,8,113,56,23.6,20.9,34.1,13.2,8.2,7.7,9.4,8.8
GHCND:USC00058575,VAIL CO US,2531.1,39.6394,-106.3538,20101121,0,0,0,0,0,0,0,0,17,22,27,32,34,37,42,0.05,1.0,0.11,2.0,0.25,3.9,1.42,19.9,20.94,151.9,342,197,23,-9999,321,277,8,114,56,23.2,20.8,33.5,12.8,8.2,7.7,9.3,8.8
GHCND:USC00058575,VAIL CO US,2531.1,39.6394,-106.3538,20101122,0,0,0,0,0,0,0,0,17,22,27,32,34,37,42,0.05,1.0,0.11,2.0,0.25,3.9,1.48,20.9,21.00,152.9,344,198,23,-9999,325,279,9,115,57,22.7,20.6,33.0,12.4,8.2,7.6,9.3,8.9
GHCND:USC00058575,VAIL CO US,2531.1,39.6394,-106.3538,20101123,0,0,0,0,0,0,0,0,18,23,28,33,35,38,43,0.05,1.0,0.11,2.0,0.25,3.9,1.54,21.9,21.06,153.9,346,199,22,-9999,328,281,9,116,57,22.3,20.5,32.5,12.1,8.2,7.6,9.2,8.9
GHCND:USC00058575,VAIL CO US,2531.1,39.6394,-106.3538,20101124,0,0,0,0,0,0,0,0,18,23,28,33,35,38,43,0.05,1.0,0.11,2.0,0.25,3.9,1.59,22.9,21.11,154.9,348,200,22,-9999,331,284,9,117,58,21.9,20.3,32.1,11.7,8.2,7.5,9.1,9.0
GHCND:USC00058575,VAIL CO US,2531.1,39.6394,-106.3538,20101125,0,0,0,0,0,0,0,0,18,23,28,33,35,38,43,0.05,1.0,0.11,2.0,0.25,3.9,1.65,23.9,21.17,155.9,350,200,22,-9999,333,286,9,118,58,21.5,20.2,31.6,11.4,8.2,7.5,9.0,9.0
GHCND:USC00058575,VAIL CO US,2531.1,39.6394,-106.3538,20101126,0,0,0,0,0,0,0,0,19,24,29,34,36,39,44,0.05,1.0,0.11,2.0,0.24,3.9,1.70,24.9,21.22,156.8,351,201,22,-9999,336,287,10,119,58,21.1,20.1,31.2,11.1,8.2,7.4,8.9,9.0
GHCND:USC00058575,VAIL CO US,2531.1,39.6394,-106.3538,20101127,0,0,0,0,0,0,0,0,19,24,29,34,36,39,44,0.05,1.0,0.11,2.0,0.24,3.9,1.75,25.9,21.27,157.8,352,201,22,-9999,338,289,10,120,58,20.7,20.0,30.7,10.7,8.2,7.4,8.9,9.1
GHCND:USC00058575,VAIL CO US,2531.1,39.6394,-106.3538,20101128,0,0,0,0,0,0,0,0,20,25,30,35,37,40,45,0.05,1.0,0.11,2.0,0.24,3.9,1.81,26.9,21.33,158.8,352,201,21,-9999,339,290,10,121,58,20.4,19.9,30.3,10.4,8.1,7.3,8.8,9.1
GHCND:USC00058575,VAIL CO US,2531.1,39.6394,-106.3538,20101129,0,0,0,0,0,0,0,0,20,25,30,35,37,40,45,0.05,1.0,0.11,2.0,0.24,3.9,1.86,27.9,21.38,159.8,352,201,21,-9999,340,290,10,121,57,20.0,19.8,30.0,10.1,8.1,7.3,8.7,9.1
GHCND:USC00058575,VAIL CO US,2531.1,39.6394,-106.3538,20101130,0,0,0,0,0,0,0,0,20,25,30,35,37,40,45,0.05,1.0,0.11,2.0,0.24,3.9,1.92,28.9,21.44,160.9,351,200,20,-9999,340,289,10,121,57,19.7,19.8,29.6,9.8,8.1,7.3,8.6,9.1
GHCND:USC00058575,VAIL CO US,2531.1,39.6394,-106.3538,20101201,0,0,0,0,0,0,0,0,21,26,31,36,38,41,46,0.05,1.0,0.11,2.0,0.23,3.9,0.05,0.8,21.49,161.6,351,199,20,1,340,289,10,121,57,19.4,19.7,29.2,9.5,8.1,7.3,8.5,9.1
GHCND:USC00058575,VAIL CO US,2531.1,39.6394,-106.3538,20101202,0,0,0,0,0,0,0,0,21,26,31,36,38,41,46,0.05,1.0,0.11,2.0,0.23,3.8,0.10,1.6,21.54,162.4,351,199,20,1,340,289,10,122,57,19.1,19.7,28.9,9.3,8.0,7.2,8.4,9.2
GHCND:USC00058575,VAIL CO US,2531.1,39.6394,-106.3538,20101203,0,0,0,0,0,0,0,0,21,26,31,36,38,41,46,0.05,1.0,0.11,2.0,0.23,3.8,0.15,2.4,21.59,163.2,351,199,19,1,340,289,10,122,57,18.8,19.6,28.6,9.0,8.0,7.2,8.3,9.2
GHCND:USC00058575,VAIL CO US,2531.1,39.6394,-106.3538,20101204,0,0,0,0,0,0,0,0,21,26,31,36,38,41,46,0.05,1.0,0.11,2.0,0.23,3.8,0.20,3.2,21.64,164.1,350,199,19,1,340,289,10,123,57,18.5,19.6,28.3,8.7,8.0,7.2,8.3,9.2
GHCND:USC00058575,VAIL CO US,2531.1,39.6394,-106.3538,20101205,0,0,0,0,0,0,0,0,22,27,32,37,39,42,47,0.05,1.0,0.11,2.0,0.23,3.8,0.25,4.1,21.69,165.0,350,199,18,2,341,289,11,124,57,18.3,19.6,28.1,8.5,7.9,7.2,8.2,9.2
GHCND:USC00058575,VAIL CO US,2531.1,39.6394,-106.3538,20101206,0,0,0,0,0,0,0,0,22,27,32,37,39,42,47,0.05,1.0,0.11,2.0,0.23,3.8,0.30,5.0,21.74,165.9,350,199,18,2,341,289,11,125,57,18.0,19.6,27.8,8.2,7.9,7.2,8.1,9.2
GHCND:USC00058575,VAIL CO US,2531.1,39.6394,-106.3538,20101207,0,0,0,0,0,0,0,0,22,27,32,37,39,42,47,0.05,1.0,0.11,2.0,0.23,3.8,0.35,5.9,21.79,166.7,350,199,18,2,341,288,11,125,57,17.8,19.6,27.6,8.0,7.8,7.2,8.0,9.2
GHCND:USC00058575,VAIL CO US,2531.1,39.6394,-106.3538,20101208,0,0,0,0,0,0,0,0,22,27,32,37,39,42,47,0.05,1.0,0.11,2.1,0.23,3.8,0.40,6.8,21.84,167.6,350,199,17,2,341,287,11,126,57,17.6,19.6,27.4,7.8,7.8,7.2,8.0,9.1
GHCND:USC00058575,VAIL CO US,2531.1,39.6394,-106.3538,20101209,0,0,0,0,0,0,0,0,23,28,33,38,40,43,48,0.05,1.0,0.11,2.1,0.23,3.8,0.45,7.7,21.89,168.5,349,199,17,1,341,287,12,127,58,17.4,19.7,27.3,7.6,7.8,7.2,7.9,9.1
GHCND:USC00058575,VAIL CO US,2531.1,39.6394,-106.3538,20101210,0,0,0,0,0,0,0,0,23,28,33,38,40,43,48,0.05,1.0,0.11,2.1,0.23,3.8,0.50,8.6,21.94,169.4,349,199,17,1,341,286,12,128,59,17.3,19.7,27.1,7.4,7.7,7.2,7.8,9.1
GHCND:USC00058575,VAIL CO US,2531.1,39.6394,-106.3538,20101211,0,0,0,0,0,0,0,0,23,28,33,38,40,43,48,0.05,1.0,0.11,2.1,0.23,3.8,0.55,9.5,21.99,170.3,349,199,17,1,342,287,13,130,59,17.1,19.7,27.0,7.2,7.7,7.2,7.8,9.1
GHCND:USC00058575,VAIL CO US,2531.1,39.6394,-106.3538,20101212,0,0,0,0,0,0,0,0,23,28,33,38,40,43,48,0.05,1.0,0.11,2.1,0.23,3.9,0.59,10.3,22.03,171.1,350,200,17,1,344,288,13,132,61,17.0,19.8,26.8,7.1,7.6,7.2,7.7,9.1
GHCND:USC00058575,VAIL CO US,2531.1,39.6394,-106.3538,20101213,0,0,0,0,0,0,0,0,23,28,33,38,40,43,48,0.05,1.0,0.11,2.1,0.23,3.9,0.64,11.1,22.08,172.0,352,201,17,1,346,289,14,134,62,16.8,19.8,26.7,6.9,7.6,7.2,7.7,9.1
GHCND:USC00058575,VAIL CO US,2531.1,39.6394,-106.3538,20101214,0,0,0,0,0,0,0,0,23,28,33,38,40,43,48,0.05,1.0,0.11,2.2,0.23,3.9,0.69,11.9,22.13,172.8,352,202,16,1,347,289,15,136,63,16.7,19.9,26.7,6.7,7.5,7.2,7.6,9.1
GHCND:USC00058575,VAIL CO US,2531.1,39.6394,-106.3538,20101215,0,0,0,0,0,0,0,0,23,28,33,38,40,43,48,0.05,1.0,0.11,2.2,0.23,4.0,0.73,12.7,22.17,173.6,353,203,16,1,348,290,15,138,65,16.6,20.0,26.6,6.6,7.5,7.2,7.6,9.1
GHCND:USC00058575,VAIL CO US,2531.1,39.6394,-106.3538,20101216,0,0,0,0,0,0,0,0,23,28,33,38,40,43,48,0.05,1.0,0.11,2.2,0.23,4.0,0.78,13.6,22.22,174.4,354,205,16,1,349,291,16,141,66,16.5,20.1,26.5,6.5,7.5,7.2,7.5,9.1
GHCND:USC00058575,VAIL CO US,2531.1,39.6394,-106.3538,20101217,0,0,0,0,0,0,0,0,24,29,34,39,41,44,49,0.05,1.0,0.11,2.2,0.23,4.0,0.83,14.5,22.27,175.3,355,205,16,1,350,291,17,143,67,16.4,20.2,26.5,6.3,7.5,7.2,7.5,9.0
GHCND:USC00058575,VAIL CO US,2531.1,39.6394,-106.3538,20101218,0,0,0,0,0,0,0,0,24,29,34,39,41,44,49,0.05,1.0,0.11,2.2,0.23,4.1,0.89,15.4,22.33,176.3,355,205,16,1,350,292,17,144,68,16.4,20.2,26.5,6.2,7.4,7.2,7.5,9.0
GHCND:USC00058575,VAIL CO US,2531.1,39.6394,-106.3538,20101219,0,0,0,0,0,0,0,0,24,29,34,39,41,44,49,0.05,1.0,0.11,2.2,0.23,4.1,0.94,16.3,22.38,177.2,356,205,16,1,351,292,18,146,69,16.3,20.3,26.5,6.1,7.4,7.2,7.4,9.0
GHCND:USC00058575,VAIL CO US,2531.1,39.6394,-106.3538,20101220,0,0,0,0,0,0,0,0,24,29,34,39,41,44,49,0.05,1.0,0.11,2.2,0.23,4.1,0.99,17.3,22.43,178.1,356,205,16,1,351,292,18,148,69,16.2,20.4,26.5,6.0,7.4,7.3,7.4,9.0
GHCND:USC00058575,VAIL CO US,2531.1,39.6394,-106.3538,20101221,0,0,0,0,0,0,0,0,24,29,34,39,41,44,49,0.05,1.0,0.11,2.2,0.23,4.1,1.05,18.2,22.49,179.1,356,205,16,1,352,293,18,149,69,16.2,20.6,26.5,5.9,7.4,7.3,7.4,9.0
GHCND:USC00058575,VAIL CO US,2531.1,39.6394,-106.3538,20101222,0,0,0,0,0,0,0,0,24,29,34,39,41,44,49,0.05,1.0,0.11,2.2,0.22,4.1,1.11,19.3,22.55,180.1,356,204,16,1,352,293,19,151,70,16.2,20.7,26.5,5.8,7.4,7.4,7.4,9.0
GHCND:USC00058575,VAIL CO US,2531.1,39.6394,-106.3538,20101223,0,0,0,0,0,0,0,0,24,29,34,39,41,44,49,0.05,1.0,0.11,2.2,0.22,4.1,1.17,20.4,22.61,181.2,356,204,16,1,353,293,19,152,70,16.1,20.8,26.5,5.7,7.4,7.4,7.4,9.0
GHCND:USC00058575,VAIL CO US,2531.1,39.6394,-106.3538,20101224,0,0,0,0,0,0,0,0,24,29,34,39,41,44,49,0.05,1.0,0.11,2.2,0.22,4.1,1.23,21.5,22.67,182.3,356,204,16,1,353,293,19,153,70,16.1,20.9,26.6,5.7,7.3,7.4,7.4,9.0
GHCND:USC00058575,VAIL CO US,2531.1,39.6394,-106.3538,20101225,0,0,0,0,0,0,0,0,24,29,34,39,41,44,49,0.05,1.0,0.11,2.2,0.22,4.1,1.29,22.6,22.73,183.4,356,205,16,1,354,293,19,154,70,16.1,21.0,26.6,5.6,7.3,7.5,7.4,9.1
GHCND:USC00058575,VAIL CO US,2531.1,39.6394,-106.3538,20101226,0,0,0,0,0,0,0,0,24,29,34,39,41,44,49,0.05,1.0,0.11,2.2,0.22,4.1,1.35,23.7,22.79,184.5,357,205,16,1,355,294,19,155,70,16.1,21.1,26.6,5.5,7.3,7.5,7.4,9.1
GHCND:USC00058575,VAIL CO US,2531.1,39.6394,-106.3538,20101227,0,0,0,0,0,0,0,0,24,29,34,39,41,44,49,0.06,1.0,0.11,2.2,0.22,4.1,1.41,24.8,22.85,185.7,358,206,16,1,356,296,20,156,71,16.1,21.2,26.7,5.5,7.4,7.6,7.4,9.1
GHCND:USC00058575,VAIL CO US,2531.1,39.6394,-106.3538,20101228,0,0,0,0,0,0,0,0,24,29,34,39,41,44,49,0.06,1.0,0.11,2.2,0.22,4.1,1.47,25.9,22.91,186.8,360,208,16,1,358,297,20,157,71,16.1,21.4,26.8,5.4,7.4,7.6,7.4,9.1
GHCND:USC00058575,VAIL CO US,2531.1,39.6394,-106.3538,20101229,0,0,0,0,0,0,0,0,24,29,34,39,41,44,49,0.06,1.0,0.11,2.2,0.22,4.1,1.52,27.1,22.96,187.9,362,210,16,1,360,299,20,158,72,16.1,21.5,26.8,5.3,7.4,7.7,7.4,9.2
GHCND:USC00058575,VAIL CO US,2531.1,39.6394,-106.3538,20101230,0,0,0,0,0,0,0,0,24,29,34,39,41,44,49,0.06,1.0,0.11,2.2,0.22,4.1,1.58,28.2,23.02,189.0,365,212,17,1,363,302,20,160,72,16.1,21.6,26.9,5.3,7.4,7.7,7.4,9.2
GHCND:USC00058575,VAIL CO US,2531.1,39.6394,-106.3538,20101231,0,0,0,0,0,0,0,0,24,29,34,39,41,44,49,0.06,1.0,0.12,2.2,0.22,4.2,1.63,29.2,23.07,190.1,367,214,17,1,365,304,21,161,72,16.1,21.7,26.9,5.2,7.4,7.7,7.4,9.2
